YearAW,State,Aircraft,Region
1905,IL,1,Central
1906,AK,1,AlaskaHawaii
1906,NM,1,Central
1910,MA,1,Eastern
1912,TN,1,Eastern
1916,FL,1,Eastern
1916,MA,1,Eastern
1917,ID,1,Western
1917,TX,1,Central
1920,VA,1,Eastern
1922,PA,1,Eastern
1923,TX,1,Central
1926,WI,1,Eastern
1928,CA,1,Western
1929,CA,1,Western
1929,NY,2,Eastern
1930,DE,1,Eastern
1930,KS,1,Central
1931,NY,1,Eastern
1932,CA,1,Western
1935,IN,1,Central
1936,CA,1,Western
1936,DC,1,Eastern
1936,FL,1,Eastern
1936,KS,1,Central
1936,OH,1,Central
1936,TX,1,Central
1937,IL,1,Central
1937,OH,1,Central
1937,VA,1,Eastern
1938,MA,1,Eastern
1938,OH,1,Central
1938,PA,1,Eastern
1938,WA,1,Western
1939,CA,1,Western
1939,NY,1,Eastern
1940,AZ,1,Western
1940,CA,2,Western
1940,DE,1,Eastern
1940,IL,2,Central
1940,MI,1,Central
1940,MN,1,Central
1940,MS,1,Eastern
1940,NH,1,Eastern
1940,OH,2,Central
1940,OK,1,Central
1940,WI,1,Eastern
1941,CA,3,Western
1941,CT,1,Eastern
1941,FL,1,Eastern
1941,IA,1,Central
1941,IL,2,Central
1941,LA,1,Central
1941,MD,1,Eastern
1941,OR,1,Western
1941,PA,1,Eastern
1941,TX,2,Central
1941,WI,2,Eastern
1942,IL,2,Central
1942,OH,2,Central
1942,OK,1,Central
1942,WI,1,Eastern
1943,AL,1,Eastern
1943,DE,1,Eastern
1943,IL,1,Central
1943,NC,1,Eastern
1943,TN,1,Eastern
1943,TX,1,Central
1944,MD,1,Eastern
1944,NM,1,Central
1944,NY,1,Eastern
1944,OH,1,Central
1944,WI,1,Eastern
1945,CA,1,Western
1945,FL,1,Eastern
1945,MI,1,Central
1945,NE,1,Central
1945,NM,1,Central
1945,OH,1,Central
1945,SC,1,Eastern
1945,WA,3,Western
1945,WI,1,Eastern
1946,AK,1,AlaskaHawaii
1946,AL,2,Eastern
1946,AZ,1,Western
1946,CA,3,Western
1946,DE,1,Eastern
1946,FL,6,Eastern
1946,ID,2,Western
1946,IL,1,Central
1946,IN,1,Central
1946,KS,2,Central
1946,LA,1,Central
1946,ME,1,Eastern
1946,MI,2,Central
1946,MN,1,Central
1946,MO,1,Central
1946,NC,2,Eastern
1946,NY,3,Eastern
1946,OH,2,Central
1946,OK,1,Central
1946,OR,1,Western
1946,PA,4,Eastern
1946,SD,3,Central
1946,TX,6,Central
1946,UT,1,Western
1946,VA,1,Eastern
1946,WA,5,Western
1946,WI,2,Eastern
1947,CA,3,Western
1947,DE,1,Eastern
1947,FL,3,Eastern
1947,GA,1,Eastern
1947,ID,2,Western
1947,IL,2,Central
1947,IN,3,Central
1947,KS,1,Central
1947,MA,1,Eastern
1947,MI,1,Central
1947,MN,3,Central
1947,MO,2,Central
1947,MS,1,Eastern
1947,NC,4,Eastern
1947,NE,1,Central
1947,NH,1,Eastern
1947,NV,1,Western
1947,NY,3,Eastern
1947,OH,3,Central
1947,OK,1,Central
1947,OR,1,Western
1947,PA,2,Eastern
1947,SC,2,Eastern
1947,TN,2,Eastern
1947,TX,4,Central
1947,VA,2,Eastern
1947,WA,1,Western
1948,AK,2,AlaskaHawaii
1948,AZ,1,Western
1948,CA,3,Western
1948,DE,2,Eastern
1948,FL,2,Eastern
1948,GA,1,Eastern
1948,IA,1,Central
1948,MI,1,Central
1948,MT,1,Western
1948,NC,1,Eastern
1948,NE,1,Central
1948,NY,1,Eastern
1948,OH,1,Central
1948,OK,1,Central
1948,TN,2,Eastern
1948,TX,3,Central
1948,VA,2,Eastern
1948,WA,1,Western
1949,CA,3,Western
1949,CO,2,Central
1949,DE,1,Eastern
1949,FL,2,Eastern
1949,GA,1,Eastern
1949,IN,1,Central
1949,KS,1,Central
1949,MA,1,Eastern
1949,MD,1,Eastern
1949,MO,1,Central
1949,NC,1,Eastern
1949,NH,1,Eastern
1949,TX,3,Central
1949,WA,1,Western
1949,WY,1,Central
1950,CA,5,Western
1950,FL,2,Eastern
1950,IA,2,Central
1950,ID,1,Western
1950,IL,1,Central
1950,KS,1,Central
1950,KY,1,Eastern
1950,MN,2,Central
1950,MO,2,Central
1950,MS,1,Eastern
1950,NY,2,Eastern
1950,OH,2,Central
1950,OK,1,Central
1950,OR,1,Western
1950,TX,4,Central
1950,WA,1,Western
1950,WI,2,Eastern
1951,AL,1,Eastern
1951,AZ,2,Western
1951,CA,2,Western
1951,FL,7,Eastern
1951,IA,1,Central
1951,IN,2,Central
1951,NC,1,Eastern
1951,OH,1,Central
1951,OK,2,Central
1951,OR,1,Western
1951,TN,2,Eastern
1951,TX,2,Central
1951,VA,1,Eastern
1952,AK,5,AlaskaHawaii
1952,AZ,1,Western
1952,CA,8,Western
1952,CO,1,Central
1952,FL,7,Eastern
1952,GA,2,Eastern
1952,HI,1,AlaskaHawaii
1952,IA,3,Central
1952,ID,2,Western
1952,IL,5,Central
1952,IN,1,Central
1952,KS,2,Central
1952,MA,1,Eastern
1952,ME,1,Eastern
1952,MI,2,Central
1952,MN,3,Central
1952,MO,4,Central
1952,MS,1,Eastern
1952,NC,5,Eastern
1952,ND,1,Central
1952,NE,1,Central
1952,NV,1,Western
1952,NY,5,Eastern
1952,OH,6,Central
1952,OK,1,Central
1952,OR,1,Western
1952,PA,4,Eastern
1952,PR,1,Eastern
1952,TN,2,Eastern
1952,TX,3,Central
1952,UT,1,Western
1952,VA,2,Eastern
1952,WA,4,Western
1952,WI,1,Eastern
1953,,1,Eastern
1953,AK,7,AlaskaHawaii
1953,AL,3,Eastern
1953,AR,2,Central
1953,AZ,3,Western
1953,CA,10,Western
1953,CO,2,Central
1953,FL,5,Eastern
1953,GA,2,Eastern
1953,IA,2,Central
1953,ID,1,Western
1953,IL,2,Central
1953,IN,6,Central
1953,LA,1,Central
1953,MA,1,Eastern
1953,MD,1,Eastern
1953,ME,1,Eastern
1953,MI,3,Central
1953,MN,5,Central
1953,MO,4,Central
1953,NC,4,Eastern
1953,ND,2,Central
1953,NE,4,Central
1953,NH,1,Eastern
1953,NJ,2,Eastern
1953,NV,2,Western
1953,NY,2,Eastern
1953,OH,4,Central
1953,OK,1,Central
1953,OR,7,Western
1953,PA,9,Eastern
1953,SC,1,Eastern
1953,SD,2,Central
1953,TN,4,Eastern
1953,TX,7,Central
1953,UT,2,Western
1953,VA,4,Eastern
1953,WA,5,Western
1953,WI,6,Eastern
1953,WY,2,Central
1954,AK,11,AlaskaHawaii
1954,AL,2,Eastern
1954,AR,5,Central
1954,AZ,5,Western
1954,CA,19,Western
1954,CO,3,Central
1954,CT,1,Eastern
1954,DE,7,Eastern
1954,FL,18,Eastern
1954,GA,3,Eastern
1954,IA,3,Central
1954,ID,2,Western
1954,IL,3,Central
1954,IN,7,Central
1954,KS,13,Central
1954,KY,5,Eastern
1954,LA,3,Central
1954,MA,3,Eastern
1954,ME,2,Eastern
1954,MI,8,Central
1954,MN,8,Central
1954,MO,7,Central
1954,MS,3,Eastern
1954,MT,5,Western
1954,NC,11,Eastern
1954,ND,4,Central
1954,NH,2,Eastern
1954,NJ,2,Eastern
1954,NM,3,Central
1954,NV,2,Western
1954,NY,6,Eastern
1954,OH,15,Central
1954,OK,6,Central
1954,OR,7,Western
1954,PA,7,Eastern
1954,PR,1,Eastern
1954,SC,4,Eastern
1954,SD,3,Central
1954,TN,7,Eastern
1954,TX,27,Central
1954,UT,1,Western
1954,VA,3,Eastern
1954,VT,2,Eastern
1954,WA,10,Western
1954,WI,8,Eastern
1954,WV,2,Eastern
1954,WY,1,Central
1955,,21,Eastern
1955,AK,381,AlaskaHawaii
1955,AL,67,Eastern
1955,AR,60,Central
1955,AZ,153,Western
1955,CA,492,Western
1955,CO,140,Central
1955,CT,40,Eastern
1955,DE,73,Eastern
1955,FL,308,Eastern
1955,GA,152,Eastern
1955,HI,8,AlaskaHawaii
1955,IA,107,Central
1955,ID,99,Western
1955,IL,184,Central
1955,IN,147,Central
1955,KS,128,Central
1955,KY,49,Eastern
1955,LA,37,Central
1955,MA,53,Eastern
1955,MD,42,Eastern
1955,ME,44,Eastern
1955,MI,202,Central
1955,MN,218,Central
1955,MO,158,Central
1955,MS,40,Eastern
1955,MT,96,Western
1955,NC,161,Eastern
1955,ND,51,Central
1955,NE,61,Central
1955,NH,54,Eastern
1955,NJ,47,Eastern
1955,NM,61,Central
1955,NV,59,Western
1955,NY,179,Eastern
1955,OH,247,Central
1955,OK,114,Central
1955,OR,172,Western
1955,PA,177,Eastern
1955,RI,3,Eastern
1955,SC,76,Eastern
1955,SD,66,Central
1955,TN,103,Eastern
1955,TX,541,Central
1955,UT,27,Western
1955,VA,110,Eastern
1955,VT,24,Eastern
1955,WA,291,Western
1955,WI,216,Eastern
1955,WV,31,Eastern
1955,WY,44,Central
1956,,42,Eastern
1956,AK,907,AlaskaHawaii
1956,AL,135,Eastern
1956,AR,161,Central
1956,AZ,328,Western
1956,CA,1168,Western
1956,CO,282,Central
1956,CT,68,Eastern
1956,DC,5,Eastern
1956,DE,217,Eastern
1956,FL,676,Eastern
1956,GA,401,Eastern
1956,GU,2,Eastern
1956,HI,21,AlaskaHawaii
1956,IA,214,Central
1956,ID,180,Western
1956,IL,417,Central
1956,IN,277,Central
1956,KS,246,Central
1956,KY,91,Eastern
1956,LA,125,Central
1956,MA,98,Eastern
1956,MD,120,Eastern
1956,ME,112,Eastern
1956,MI,461,Central
1956,MN,527,Central
1956,MO,330,Central
1956,MS,98,Eastern
1956,MT,247,Western
1956,NC,355,Eastern
1956,ND,119,Central
1956,NE,155,Central
1956,NH,78,Eastern
1956,NJ,114,Eastern
1956,NM,143,Central
1956,NV,150,Western
1956,NY,394,Eastern
1956,OH,470,Central
1956,OK,268,Central
1956,OR,408,Western
1956,PA,358,Eastern
1956,PR,4,Eastern
1956,RI,15,Eastern
1956,SC,160,Eastern
1956,SD,149,Central
1956,TN,266,Eastern
1956,TX,1190,Central
1956,UT,84,Western
1956,VA,228,Eastern
1956,VI,1,Eastern
1956,VT,26,Eastern
1956,WA,705,Western
1956,WI,477,Eastern
1956,WV,64,Eastern
1956,WY,75,Central
1957,,14,Eastern
1957,AK,312,AlaskaHawaii
1957,AL,47,Eastern
1957,AR,53,Central
1957,AZ,111,Western
1957,CA,329,Western
1957,CO,67,Central
1957,CT,24,Eastern
1957,DC,2,Eastern
1957,DE,58,Eastern
1957,FL,217,Eastern
1957,GA,84,Eastern
1957,GU,2,Eastern
1957,HI,2,AlaskaHawaii
1957,IA,51,Central
1957,ID,88,Western
1957,IL,95,Central
1957,IN,67,Central
1957,KS,93,Central
1957,KY,24,Eastern
1957,LA,40,Central
1957,MA,36,Eastern
1957,MD,28,Eastern
1957,ME,30,Eastern
1957,MI,119,Central
1957,MN,127,Central
1957,MO,86,Central
1957,MP,1,Eastern
1957,MS,30,Eastern
1957,MT,87,Western
1957,NC,87,Eastern
1957,ND,52,Central
1957,NE,34,Central
1957,NH,19,Eastern
1957,NJ,24,Eastern
1957,NM,35,Central
1957,NV,52,Western
1957,NY,115,Eastern
1957,OH,136,Central
1957,OK,92,Central
1957,OR,101,Western
1957,PA,101,Eastern
1957,PR,1,Eastern
1957,RI,5,Eastern
1957,SC,39,Eastern
1957,SD,44,Central
1957,TN,62,Eastern
1957,TX,361,Central
1957,UT,35,Western
1957,VA,68,Eastern
1957,VT,12,Eastern
1957,WA,185,Western
1957,WI,111,Eastern
1957,WV,18,Eastern
1957,WY,28,Central
1958,AK,223,AlaskaHawaii
1958,AL,22,Eastern
1958,AR,31,Central
1958,AZ,88,Western
1958,CA,284,Western
1958,CO,81,Central
1958,CT,10,Eastern
1958,DC,3,Eastern
1958,DE,68,Eastern
1958,FL,143,Eastern
1958,GA,71,Eastern
1958,HI,4,AlaskaHawaii
1958,IA,39,Central
1958,ID,75,Western
1958,IL,79,Central
1958,IN,58,Central
1958,KS,59,Central
1958,KY,23,Eastern
1958,LA,32,Central
1958,MA,22,Eastern
1958,MD,21,Eastern
1958,ME,21,Eastern
1958,MI,111,Central
1958,MN,90,Central
1958,MO,69,Central
1958,MS,22,Eastern
1958,MT,68,Western
1958,NC,59,Eastern
1958,ND,32,Central
1958,NE,36,Central
1958,NH,20,Eastern
1958,NJ,22,Eastern
1958,NM,31,Central
1958,NV,56,Western
1958,NY,65,Eastern
1958,OH,88,Central
1958,OK,67,Central
1958,OR,88,Western
1958,PA,54,Eastern
1958,PR,4,Eastern
1958,RI,5,Eastern
1958,SC,29,Eastern
1958,SD,31,Central
1958,TN,56,Eastern
1958,TX,303,Central
1958,UT,31,Western
1958,VA,42,Eastern
1958,VT,7,Eastern
1958,WA,116,Western
1958,WI,81,Eastern
1958,WV,12,Eastern
1958,WY,33,Central
1959,AK,143,AlaskaHawaii
1959,AL,50,Eastern
1959,AR,46,Central
1959,AZ,120,Western
1959,CA,296,Western
1959,CO,85,Central
1959,CT,6,Eastern
1959,DE,68,Eastern
1959,FL,150,Eastern
1959,GA,86,Eastern
1959,HI,5,AlaskaHawaii
1959,IA,42,Central
1959,ID,58,Western
1959,IL,75,Central
1959,IN,46,Central
1959,KS,73,Central
1959,KY,24,Eastern
1959,LA,26,Central
1959,MA,28,Eastern
1959,MD,16,Eastern
1959,ME,21,Eastern
1959,MI,94,Central
1959,MN,82,Central
1959,MO,78,Central
1959,MS,24,Eastern
1959,MT,75,Western
1959,NC,76,Eastern
1959,ND,31,Central
1959,NE,27,Central
1959,NH,12,Eastern
1959,NJ,17,Eastern
1959,NM,35,Central
1959,NV,51,Western
1959,NY,58,Eastern
1959,OH,117,Central
1959,OK,80,Central
1959,OR,110,Western
1959,PA,65,Eastern
1959,PR,4,Eastern
1959,RI,2,Eastern
1959,SC,27,Eastern
1959,SD,39,Central
1959,TN,60,Eastern
1959,TX,340,Central
1959,UT,34,Western
1959,VA,61,Eastern
1959,VI,2,Eastern
1959,VT,11,Eastern
1959,WA,167,Western
1959,WI,77,Eastern
1959,WV,19,Eastern
1959,WY,28,Central
1960,AK,104,AlaskaHawaii
1960,AL,33,Eastern
1960,AR,29,Central
1960,AZ,90,Western
1960,CA,287,Western
1960,CO,90,Central
1960,CT,14,Eastern
1960,DC,2,Eastern
1960,DE,51,Eastern
1960,FL,143,Eastern
1960,GA,66,Eastern
1960,HI,3,AlaskaHawaii
1960,IA,30,Central
1960,ID,52,Western
1960,IL,59,Central
1960,IN,47,Central
1960,KS,64,Central
1960,KY,18,Eastern
1960,LA,31,Central
1960,MA,14,Eastern
1960,MD,17,Eastern
1960,ME,12,Eastern
1960,MI,86,Central
1960,MN,73,Central
1960,MO,71,Central
1960,MS,29,Eastern
1960,MT,59,Western
1960,NC,50,Eastern
1960,ND,40,Central
1960,NE,30,Central
1960,NH,13,Eastern
1960,NJ,25,Eastern
1960,NM,25,Central
1960,NV,40,Western
1960,NY,61,Eastern
1960,OH,54,Central
1960,OK,62,Central
1960,OR,94,Western
1960,PA,63,Eastern
1960,PR,3,Eastern
1960,RI,3,Eastern
1960,SC,18,Eastern
1960,SD,24,Central
1960,TN,50,Eastern
1960,TX,240,Central
1960,UT,32,Western
1960,VA,45,Eastern
1960,VT,6,Eastern
1960,WA,116,Western
1960,WI,53,Eastern
1960,WV,11,Eastern
1960,WY,26,Central
1961,AK,109,AlaskaHawaii
1961,AL,37,Eastern
1961,AR,25,Central
1961,AZ,86,Western
1961,CA,266,Western
1961,CO,65,Central
1961,CT,3,Eastern
1961,DC,4,Eastern
1961,DE,44,Eastern
1961,FL,134,Eastern
1961,GA,62,Eastern
1961,HI,3,AlaskaHawaii
1961,IA,28,Central
1961,ID,46,Western
1961,IL,53,Central
1961,IN,41,Central
1961,KS,65,Central
1961,KY,29,Eastern
1961,LA,26,Central
1961,MA,19,Eastern
1961,MD,21,Eastern
1961,ME,25,Eastern
1961,MI,77,Central
1961,MN,75,Central
1961,MO,48,Central
1961,MS,31,Eastern
1961,MT,59,Western
1961,NC,70,Eastern
1961,ND,32,Central
1961,NE,21,Central
1961,NH,15,Eastern
1961,NJ,21,Eastern
1961,NM,22,Central
1961,NV,26,Western
1961,NY,50,Eastern
1961,OH,75,Central
1961,OK,62,Central
1961,OR,81,Western
1961,PA,63,Eastern
1961,PR,1,Eastern
1961,RI,4,Eastern
1961,SC,15,Eastern
1961,SD,17,Central
1961,TN,84,Eastern
1961,TX,264,Central
1961,UT,30,Western
1961,VA,44,Eastern
1961,VI,1,Eastern
1961,VT,5,Eastern
1961,WA,113,Western
1961,WI,46,Eastern
1961,WV,9,Eastern
1961,WY,15,Central
1962,AK,90,AlaskaHawaii
1962,AL,49,Eastern
1962,AR,31,Central
1962,AZ,80,Western
1962,CA,258,Western
1962,CO,78,Central
1962,CT,6,Eastern
1962,DE,49,Eastern
1962,FL,138,Eastern
1962,GA,69,Eastern
1962,HI,6,AlaskaHawaii
1962,IA,32,Central
1962,ID,46,Western
1962,IL,50,Central
1962,IN,54,Central
1962,KS,54,Central
1962,KY,22,Eastern
1962,LA,29,Central
1962,MA,18,Eastern
1962,MD,18,Eastern
1962,ME,13,Eastern
1962,MI,87,Central
1962,MN,46,Central
1962,MO,69,Central
1962,MS,18,Eastern
1962,MT,49,Western
1962,NC,73,Eastern
1962,ND,28,Central
1962,NE,27,Central
1962,NH,12,Eastern
1962,NJ,22,Eastern
1962,NM,20,Central
1962,NV,38,Western
1962,NY,55,Eastern
1962,OH,89,Central
1962,OK,64,Central
1962,OR,60,Western
1962,PA,59,Eastern
1962,PR,2,Eastern
1962,RI,2,Eastern
1962,SC,26,Eastern
1962,SD,30,Central
1962,TN,55,Eastern
1962,TX,268,Central
1962,UT,25,Western
1962,VA,49,Eastern
1962,VI,2,Eastern
1962,VT,7,Eastern
1962,WA,116,Western
1962,WI,64,Eastern
1962,WV,14,Eastern
1962,WY,29,Central
1963,AK,89,AlaskaHawaii
1963,AL,44,Eastern
1963,AR,42,Central
1963,AZ,99,Western
1963,CA,328,Western
1963,CO,76,Central
1963,CT,10,Eastern
1963,DC,2,Eastern
1963,DE,41,Eastern
1963,FL,147,Eastern
1963,GA,83,Eastern
1963,GU,1,Eastern
1963,HI,4,AlaskaHawaii
1963,IA,35,Central
1963,ID,53,Western
1963,IL,55,Central
1963,IN,47,Central
1963,KS,59,Central
1963,KY,23,Eastern
1963,LA,28,Central
1963,MA,19,Eastern
1963,MD,21,Eastern
1963,ME,13,Eastern
1963,MI,106,Central
1963,MN,70,Central
1963,MO,67,Central
1963,MP,1,Eastern
1963,MS,21,Eastern
1963,MT,52,Western
1963,NC,63,Eastern
1963,ND,27,Central
1963,NE,31,Central
1963,NH,20,Eastern
1963,NJ,33,Eastern
1963,NM,47,Central
1963,NV,50,Western
1963,NY,75,Eastern
1963,OH,79,Central
1963,OK,55,Central
1963,OR,60,Western
1963,PA,61,Eastern
1963,PR,2,Eastern
1963,RI,2,Eastern
1963,SC,31,Eastern
1963,SD,28,Central
1963,TN,61,Eastern
1963,TX,285,Central
1963,UT,27,Western
1963,VA,52,Eastern
1963,VI,4,Eastern
1963,VT,5,Eastern
1963,WA,115,Western
1963,WI,51,Eastern
1963,WV,15,Eastern
1963,WY,26,Central
1964,AK,111,AlaskaHawaii
1964,AL,51,Eastern
1964,AR,63,Central
1964,AZ,126,Western
1964,CA,412,Western
1964,CO,115,Central
1964,CT,19,Eastern
1964,DC,1,Eastern
1964,DE,89,Eastern
1964,FL,242,Eastern
1964,GA,108,Eastern
1964,HI,3,AlaskaHawaii
1964,IA,58,Central
1964,ID,57,Western
1964,IL,81,Central
1964,IN,59,Central
1964,KS,90,Central
1964,KY,42,Eastern
1964,LA,40,Central
1964,MA,27,Eastern
1964,MD,37,Eastern
1964,ME,18,Eastern
1964,MI,120,Central
1964,MN,91,Central
1964,MO,77,Central
1964,MS,35,Eastern
1964,MT,59,Western
1964,NC,101,Eastern
1964,ND,26,Central
1964,NE,40,Central
1964,NH,17,Eastern
1964,NJ,40,Eastern
1964,NM,38,Central
1964,NV,58,Western
1964,NY,77,Eastern
1964,OH,85,Central
1964,OK,73,Central
1964,OR,88,Western
1964,PA,80,Eastern
1964,PR,3,Eastern
1964,RI,3,Eastern
1964,SC,37,Eastern
1964,SD,42,Central
1964,TN,74,Eastern
1964,TX,379,Central
1964,UT,41,Western
1964,VA,72,Eastern
1964,VI,1,Eastern
1964,VT,11,Eastern
1964,WA,144,Western
1964,WI,81,Eastern
1964,WV,18,Eastern
1964,WY,24,Central
1965,AK,117,AlaskaHawaii
1965,AL,84,Eastern
1965,AP,3,Eastern
1965,AR,74,Central
1965,AZ,137,Western
1965,CA,428,Western
1965,CO,89,Central
1965,CT,17,Eastern
1965,DC,3,Eastern
1965,DE,71,Eastern
1965,FL,231,Eastern
1965,GA,126,Eastern
1965,GU,1,Eastern
1965,HI,5,AlaskaHawaii
1965,IA,65,Central
1965,ID,58,Western
1965,IL,114,Central
1965,IN,76,Central
1965,KS,90,Central
1965,KY,51,Eastern
1965,LA,50,Central
1965,MA,41,Eastern
1965,MD,48,Eastern
1965,ME,23,Eastern
1965,MI,135,Central
1965,MN,118,Central
1965,MO,119,Central
1965,MS,38,Eastern
1965,MT,75,Western
1965,NC,136,Eastern
1965,ND,54,Central
1965,NE,48,Central
1965,NH,30,Eastern
1965,NJ,49,Eastern
1965,NM,39,Central
1965,NV,69,Western
1965,NY,110,Eastern
1965,OH,142,Central
1965,OK,106,Central
1965,OR,112,Western
1965,PA,117,Eastern
1965,PR,4,Eastern
1965,RI,2,Eastern
1965,SC,52,Eastern
1965,SD,45,Central
1965,TN,94,Eastern
1965,TX,478,Central
1965,UT,43,Western
1965,VA,80,Eastern
1965,VI,1,Eastern
1965,VT,12,Eastern
1965,WA,144,Western
1965,WI,94,Eastern
1965,WV,24,Eastern
1965,WY,34,Central
1966,AK,167,AlaskaHawaii
1966,AL,85,Eastern
1966,AR,92,Central
1966,AZ,166,Western
1966,CA,541,Western
1966,CO,129,Central
1966,CT,28,Eastern
1966,DC,5,Eastern
1966,DE,114,Eastern
1966,FL,326,Eastern
1966,GA,169,Eastern
1966,HI,10,AlaskaHawaii
1966,IA,79,Central
1966,ID,65,Western
1966,IL,139,Central
1966,IN,113,Central
1966,KS,113,Central
1966,KY,60,Eastern
1966,LA,67,Central
1966,MA,56,Eastern
1966,MD,52,Eastern
1966,ME,25,Eastern
1966,MI,182,Central
1966,MN,167,Central
1966,MO,122,Central
1966,MP,1,Eastern
1966,MS,63,Eastern
1966,MT,95,Western
1966,NC,134,Eastern
1966,ND,75,Central
1966,NE,59,Central
1966,NH,16,Eastern
1966,NJ,55,Eastern
1966,NM,45,Central
1966,NV,78,Western
1966,NY,143,Eastern
1966,OH,179,Central
1966,OK,134,Central
1966,OR,145,Western
1966,PA,142,Eastern
1966,PR,15,Eastern
1966,RI,4,Eastern
1966,SC,71,Eastern
1966,SD,56,Central
1966,TN,128,Eastern
1966,TX,566,Central
1966,UT,64,Western
1966,VA,103,Eastern
1966,VI,5,Eastern
1966,VT,10,Eastern
1966,WA,203,Western
1966,WI,131,Eastern
1966,WV,32,Eastern
1966,WY,36,Central
1967,AK,150,AlaskaHawaii
1967,AL,79,Eastern
1967,AP,1,Eastern
1967,AR,81,Central
1967,AZ,158,Western
1967,CA,454,Western
1967,CO,108,Central
1967,CT,34,Eastern
1967,DC,4,Eastern
1967,DE,80,Eastern
1967,FL,315,Eastern
1967,GA,130,Eastern
1967,GU,1,Eastern
1967,HI,7,AlaskaHawaii
1967,IA,69,Central
1967,ID,58,Western
1967,IL,125,Central
1967,IN,88,Central
1967,KS,84,Central
1967,KY,45,Eastern
1967,LA,64,Central
1967,MA,45,Eastern
1967,MD,47,Eastern
1967,ME,37,Eastern
1967,MI,151,Central
1967,MN,123,Central
1967,MO,124,Central
1967,MS,40,Eastern
1967,MT,75,Western
1967,NC,125,Eastern
1967,ND,55,Central
1967,NE,57,Central
1967,NH,17,Eastern
1967,NJ,41,Eastern
1967,NM,49,Central
1967,NV,49,Western
1967,NY,117,Eastern
1967,OH,147,Central
1967,OK,102,Central
1967,OR,104,Western
1967,PA,124,Eastern
1967,PR,3,Eastern
1967,RI,7,Eastern
1967,SC,59,Eastern
1967,SD,45,Central
1967,TN,101,Eastern
1967,TX,474,Central
1967,UT,49,Western
1967,VA,93,Eastern
1967,VI,1,Eastern
1967,VT,18,Eastern
1967,WA,180,Western
1967,WI,94,Eastern
1967,WV,26,Eastern
1967,WY,18,Central
1968,AE,1,Eastern
1968,AK,147,AlaskaHawaii
1968,AL,92,Eastern
1968,AR,68,Central
1968,AZ,147,Western
1968,CA,482,Western
1968,CO,114,Central
1968,CT,18,Eastern
1968,DC,1,Eastern
1968,DE,117,Eastern
1968,FL,320,Eastern
1968,GA,143,Eastern
1968,GU,4,Eastern
1968,HI,8,AlaskaHawaii
1968,IA,75,Central
1968,ID,59,Western
1968,IL,126,Central
1968,IN,89,Central
1968,KS,102,Central
1968,KY,60,Eastern
1968,LA,53,Central
1968,MA,49,Eastern
1968,MD,41,Eastern
1968,ME,33,Eastern
1968,MI,150,Central
1968,MN,131,Central
1968,MO,95,Central
1968,MP,1,Eastern
1968,MS,56,Eastern
1968,MT,59,Western
1968,NC,147,Eastern
1968,ND,54,Central
1968,NE,47,Central
1968,NH,29,Eastern
1968,NJ,64,Eastern
1968,NM,52,Central
1968,NV,79,Western
1968,NY,134,Eastern
1968,OH,150,Central
1968,OK,98,Central
1968,OR,94,Western
1968,PA,120,Eastern
1968,PR,8,Eastern
1968,RI,9,Eastern
1968,SC,57,Eastern
1968,SD,58,Central
1968,TN,105,Eastern
1968,TX,481,Central
1968,UT,37,Western
1968,VA,94,Eastern
1968,VI,3,Eastern
1968,VT,13,Eastern
1968,WA,176,Western
1968,WI,118,Eastern
1968,WV,25,Eastern
1968,WY,38,Central
1969,AK,160,AlaskaHawaii
1969,AL,67,Eastern
1969,AR,73,Central
1969,AZ,121,Western
1969,CA,425,Western
1969,CO,79,Central
1969,CT,26,Eastern
1969,DC,2,Eastern
1969,DE,110,Eastern
1969,FL,304,Eastern
1969,GA,140,Eastern
1969,GU,1,Eastern
1969,HI,20,AlaskaHawaii
1969,IA,67,Central
1969,ID,45,Western
1969,IL,112,Central
1969,IN,68,Central
1969,KS,72,Central
1969,KY,42,Eastern
1969,LA,51,Central
1969,MA,39,Eastern
1969,MD,39,Eastern
1969,ME,23,Eastern
1969,MI,122,Central
1969,MN,103,Central
1969,MO,98,Central
1969,MP,2,Eastern
1969,MS,51,Eastern
1969,MT,66,Western
1969,NC,115,Eastern
1969,ND,46,Central
1969,NE,43,Central
1969,NH,16,Eastern
1969,NJ,59,Eastern
1969,NM,43,Central
1969,NV,65,Western
1969,NY,102,Eastern
1969,OH,121,Central
1969,OK,88,Central
1969,OR,99,Western
1969,PA,121,Eastern
1969,PR,12,Eastern
1969,RI,7,Eastern
1969,SC,56,Eastern
1969,SD,35,Central
1969,TN,92,Eastern
1969,TX,404,Central
1969,UT,46,Western
1969,VA,80,Eastern
1969,VI,3,Eastern
1969,VT,14,Eastern
1969,WA,161,Western
1969,WI,105,Eastern
1969,WV,18,Eastern
1969,WY,23,Central
1970,AK,91,AlaskaHawaii
1970,AL,39,Eastern
1970,AR,33,Central
1970,AZ,71,Western
1970,CA,224,Western
1970,CO,55,Central
1970,CT,19,Eastern
1970,DC,2,Eastern
1970,DE,65,Eastern
1970,FL,163,Eastern
1970,GA,58,Eastern
1970,GU,1,Eastern
1970,HI,5,AlaskaHawaii
1970,IA,36,Central
1970,ID,28,Western
1970,IL,62,Central
1970,IN,53,Central
1970,KS,43,Central
1970,KY,15,Eastern
1970,LA,36,Central
1970,MA,20,Eastern
1970,MD,18,Eastern
1970,ME,15,Eastern
1970,MI,65,Central
1970,MN,69,Central
1970,MO,36,Central
1970,MS,24,Eastern
1970,MT,40,Western
1970,NC,71,Eastern
1970,ND,26,Central
1970,NE,24,Central
1970,NH,13,Eastern
1970,NJ,39,Eastern
1970,NM,18,Central
1970,NV,28,Western
1970,NY,57,Eastern
1970,OH,73,Central
1970,OK,44,Central
1970,OR,45,Western
1970,PA,60,Eastern
1970,PR,2,Eastern
1970,RI,5,Eastern
1970,SC,30,Eastern
1970,SD,13,Central
1970,TN,52,Eastern
1970,TX,199,Central
1970,UT,16,Western
1970,VA,37,Eastern
1970,VI,1,Eastern
1970,VT,7,Eastern
1970,WA,86,Western
1970,WI,49,Eastern
1970,WV,11,Eastern
1970,WY,15,Central
1971,AK,84,AlaskaHawaii
1971,AL,38,Eastern
1971,AP,1,Eastern
1971,AR,43,Central
1971,AZ,70,Western
1971,CA,240,Western
1971,CO,49,Central
1971,CT,23,Eastern
1971,DC,2,Eastern
1971,DE,75,Eastern
1971,FL,204,Eastern
1971,GA,89,Eastern
1971,GU,1,Eastern
1971,HI,9,AlaskaHawaii
1971,IA,35,Central
1971,ID,29,Western
1971,IL,70,Central
1971,IN,55,Central
1971,KS,49,Central
1971,KY,27,Eastern
1971,LA,32,Central
1971,MA,36,Eastern
1971,MD,24,Eastern
1971,ME,16,Eastern
1971,MI,78,Central
1971,MN,54,Central
1971,MO,63,Central
1971,MP,2,Eastern
1971,MS,27,Eastern
1971,MT,35,Western
1971,NC,72,Eastern
1971,ND,23,Central
1971,NE,36,Central
1971,NH,16,Eastern
1971,NJ,42,Eastern
1971,NM,22,Central
1971,NV,28,Western
1971,NY,77,Eastern
1971,OH,78,Central
1971,OK,64,Central
1971,OR,44,Western
1971,PA,76,Eastern
1971,PR,7,Eastern
1971,RI,7,Eastern
1971,SC,42,Eastern
1971,SD,19,Central
1971,TN,48,Eastern
1971,TX,272,Central
1971,UT,21,Western
1971,VA,41,Eastern
1971,VI,5,Eastern
1971,VT,10,Eastern
1971,WA,94,Western
1971,WI,60,Eastern
1971,WV,12,Eastern
1971,WY,5,Central
1972,AK,115,AlaskaHawaii
1972,AL,66,Eastern
1972,AR,34,Central
1972,AZ,98,Western
1972,CA,361,Western
1972,CO,66,Central
1972,CT,27,Eastern
1972,DC,3,Eastern
1972,DE,95,Eastern
1972,FL,287,Eastern
1972,GA,86,Eastern
1972,HI,11,AlaskaHawaii
1972,IA,49,Central
1972,ID,41,Western
1972,IL,86,Central
1972,IN,53,Central
1972,KS,73,Central
1972,KY,43,Eastern
1972,LA,41,Central
1972,MA,53,Eastern
1972,MD,46,Eastern
1972,ME,32,Eastern
1972,MI,119,Central
1972,MN,98,Central
1972,MO,68,Central
1972,MP,1,Eastern
1972,MS,36,Eastern
1972,MT,57,Western
1972,NC,106,Eastern
1972,ND,43,Central
1972,NE,42,Central
1972,NH,15,Eastern
1972,NJ,46,Eastern
1972,NM,29,Central
1972,NV,39,Western
1972,NY,102,Eastern
1972,OH,132,Central
1972,OK,61,Central
1972,OR,85,Western
1972,PA,88,Eastern
1972,PR,8,Eastern
1972,RI,6,Eastern
1972,SC,46,Eastern
1972,SD,23,Central
1972,TN,84,Eastern
1972,TX,356,Central
1972,UT,30,Western
1972,VA,60,Eastern
1972,VI,1,Eastern
1972,VT,10,Eastern
1972,WA,121,Western
1972,WI,74,Eastern
1972,WV,23,Eastern
1972,WY,17,Central
1973,AK,144,AlaskaHawaii
1973,AL,76,Eastern
1973,AR,63,Central
1973,AZ,135,Western
1973,CA,461,Western
1973,CO,99,Central
1973,CT,30,Eastern
1973,DC,1,Eastern
1973,DE,140,Eastern
1973,FL,337,Eastern
1973,GA,121,Eastern
1973,GU,2,Eastern
1973,HI,8,AlaskaHawaii
1973,IA,60,Central
1973,ID,61,Western
1973,IL,126,Central
1973,IN,85,Central
1973,KS,113,Central
1973,KY,48,Eastern
1973,LA,60,Central
1973,MA,65,Eastern
1973,MD,47,Eastern
1973,ME,29,Eastern
1973,MI,144,Central
1973,MN,119,Central
1973,MO,84,Central
1973,MP,3,Eastern
1973,MS,60,Eastern
1973,MT,83,Western
1973,NC,143,Eastern
1973,ND,56,Central
1973,NE,64,Central
1973,NH,22,Eastern
1973,NJ,64,Eastern
1973,NM,42,Central
1973,NV,48,Western
1973,NY,116,Eastern
1973,OH,147,Central
1973,OK,102,Central
1973,OR,110,Western
1973,PA,125,Eastern
1973,PR,9,Eastern
1973,RI,10,Eastern
1973,SC,54,Eastern
1973,SD,37,Central
1973,TN,90,Eastern
1973,TX,481,Central
1973,UT,32,Western
1973,VA,89,Eastern
1973,VI,1,Eastern
1973,VT,11,Eastern
1973,WA,192,Western
1973,WI,98,Eastern
1973,WV,22,Eastern
1973,WY,25,Central
1974,AK,173,AlaskaHawaii
1974,AL,79,Eastern
1974,AP,2,Eastern
1974,AR,58,Central
1974,AZ,99,Western
1974,CA,459,Western
1974,CO,83,Central
1974,CT,29,Eastern
1974,DC,1,Eastern
1974,DE,126,Eastern
1974,FL,352,Eastern
1974,GA,152,Eastern
1974,GU,2,Eastern
1974,HI,10,AlaskaHawaii
1974,IA,76,Central
1974,ID,48,Western
1974,IL,130,Central
1974,IN,81,Central
1974,KS,91,Central
1974,KY,42,Eastern
1974,LA,47,Central
1974,MA,59,Eastern
1974,MD,54,Eastern
1974,ME,22,Eastern
1974,MI,114,Central
1974,MN,143,Central
1974,MO,85,Central
1974,MP,1,Eastern
1974,MS,47,Eastern
1974,MT,69,Western
1974,NC,120,Eastern
1974,ND,55,Central
1974,NE,58,Central
1974,NH,36,Eastern
1974,NJ,64,Eastern
1974,NM,30,Central
1974,NV,53,Western
1974,NY,90,Eastern
1974,OH,129,Central
1974,OK,94,Central
1974,OR,94,Western
1974,PA,131,Eastern
1974,PR,9,Eastern
1974,RI,14,Eastern
1974,SC,55,Eastern
1974,SD,44,Central
1974,TN,101,Eastern
1974,TX,426,Central
1974,UT,50,Western
1974,VA,83,Eastern
1974,VI,2,Eastern
1974,VT,20,Eastern
1974,WA,150,Western
1974,WI,100,Eastern
1974,WV,21,Eastern
1974,WY,36,Central
1975,AK,215,AlaskaHawaii
1975,AL,83,Eastern
1975,AP,1,Eastern
1975,AR,64,Central
1975,AZ,136,Western
1975,CA,492,Western
1975,CO,112,Central
1975,CT,35,Eastern
1975,DC,5,Eastern
1975,DE,170,Eastern
1975,FL,381,Eastern
1975,GA,146,Eastern
1975,GU,1,Eastern
1975,HI,12,AlaskaHawaii
1975,IA,72,Central
1975,ID,62,Western
1975,IL,143,Central
1975,IN,97,Central
1975,KS,82,Central
1975,KY,48,Eastern
1975,LA,83,Central
1975,MA,62,Eastern
1975,MD,51,Eastern
1975,ME,28,Eastern
1975,MI,144,Central
1975,MN,110,Central
1975,MO,78,Central
1975,MP,2,Eastern
1975,MS,59,Eastern
1975,MT,106,Western
1975,NC,150,Eastern
1975,ND,59,Central
1975,NE,57,Central
1975,NH,34,Eastern
1975,NJ,62,Eastern
1975,NM,42,Central
1975,NV,78,Western
1975,NY,102,Eastern
1975,OH,123,Central
1975,OK,110,Central
1975,OR,125,Western
1975,PA,119,Eastern
1975,PR,12,Eastern
1975,RI,13,Eastern
1975,SC,48,Eastern
1975,SD,50,Central
1975,TN,102,Eastern
1975,TX,460,Central
1975,UT,52,Western
1975,VA,88,Eastern
1975,VI,2,Eastern
1975,VT,12,Eastern
1975,WA,176,Western
1975,WI,111,Eastern
1975,WV,14,Eastern
1975,WY,33,Central
1976,AK,265,AlaskaHawaii
1976,AL,98,Eastern
1976,AR,89,Central
1976,AZ,160,Western
1976,CA,674,Western
1976,CO,148,Central
1976,CT,38,Eastern
1976,DC,5,Eastern
1976,DE,209,Eastern
1976,FL,450,Eastern
1976,GA,177,Eastern
1976,GU,2,Eastern
1976,HI,17,AlaskaHawaii
1976,IA,87,Central
1976,ID,88,Western
1976,IL,154,Central
1976,IN,126,Central
1976,KS,130,Central
1976,KY,55,Eastern
1976,LA,86,Central
1976,MA,90,Eastern
1976,MD,74,Eastern
1976,ME,36,Eastern
1976,MI,185,Central
1976,MN,163,Central
1976,MO,106,Central
1976,MP,2,Eastern
1976,MS,53,Eastern
1976,MT,105,Western
1976,NC,174,Eastern
1976,ND,53,Central
1976,NE,55,Central
1976,NH,41,Eastern
1976,NJ,81,Eastern
1976,NM,71,Central
1976,NV,96,Western
1976,NY,151,Eastern
1976,OH,176,Central
1976,OK,116,Central
1976,OR,134,Western
1976,PA,146,Eastern
1976,PR,10,Eastern
1976,RI,7,Eastern
1976,SC,68,Eastern
1976,SD,45,Central
1976,TN,145,Eastern
1976,TX,601,Central
1976,UT,77,Western
1976,VA,124,Eastern
1976,VI,4,Eastern
1976,VT,15,Eastern
1976,WA,189,Western
1976,WI,130,Eastern
1976,WV,29,Eastern
1976,WY,30,Central
1977,AK,239,AlaskaHawaii
1977,AL,108,Eastern
1977,AR,93,Central
1977,AZ,194,Western
1977,CA,734,Western
1977,CO,182,Central
1977,CT,62,Eastern
1977,DC,6,Eastern
1977,DE,269,Eastern
1977,FL,492,Eastern
1977,GA,200,Eastern
1977,GU,3,Eastern
1977,HI,14,AlaskaHawaii
1977,IA,77,Central
1977,ID,91,Western
1977,IL,163,Central
1977,IN,110,Central
1977,KS,105,Central
1977,KY,61,Eastern
1977,LA,96,Central
1977,MA,88,Eastern
1977,MD,70,Eastern
1977,ME,40,Eastern
1977,MI,177,Central
1977,MN,159,Central
1977,MO,110,Central
1977,MP,2,Eastern
1977,MS,61,Eastern
1977,MT,115,Western
1977,NC,183,Eastern
1977,ND,56,Central
1977,NE,81,Central
1977,NH,31,Eastern
1977,NJ,97,Eastern
1977,NM,71,Central
1977,NV,83,Western
1977,NY,157,Eastern
1977,OH,169,Central
1977,OK,121,Central
1977,OR,160,Western
1977,PA,161,Eastern
1977,PR,5,Eastern
1977,RI,14,Eastern
1977,SC,77,Eastern
1977,SD,42,Central
1977,TN,130,Eastern
1977,TX,645,Central
1977,UT,88,Western
1977,VA,135,Eastern
1977,VT,10,Eastern
1977,WA,212,Western
1977,WI,129,Eastern
1977,WV,16,Eastern
1977,WY,45,Central
1978,AK,206,AlaskaHawaii
1978,AL,128,Eastern
1978,AR,95,Central
1978,AZ,168,Western
1978,CA,794,Western
1978,CO,182,Central
1978,CT,63,Eastern
1978,DC,6,Eastern
1978,DE,256,Eastern
1978,FL,583,Eastern
1978,GA,180,Eastern
1978,GU,1,Eastern
1978,HI,17,AlaskaHawaii
1978,IA,80,Central
1978,ID,80,Western
1978,IL,201,Central
1978,IN,159,Central
1978,KS,123,Central
1978,KY,79,Eastern
1978,LA,85,Central
1978,MA,87,Eastern
1978,MD,84,Eastern
1978,ME,28,Eastern
1978,MI,169,Central
1978,MN,159,Central
1978,MO,109,Central
1978,MS,65,Eastern
1978,MT,90,Western
1978,NC,179,Eastern
1978,ND,47,Central
1978,NE,73,Central
1978,NH,34,Eastern
1978,NJ,102,Eastern
1978,NM,65,Central
1978,NV,83,Western
1978,NY,161,Eastern
1978,OH,176,Central
1978,OK,143,Central
1978,OR,164,Western
1978,PA,179,Eastern
1978,PR,11,Eastern
1978,RI,14,Eastern
1978,SC,83,Eastern
1978,SD,46,Central
1978,TN,131,Eastern
1978,TX,652,Central
1978,UT,67,Western
1978,VA,131,Eastern
1978,VI,5,Eastern
1978,VT,16,Eastern
1978,WA,232,Western
1978,WI,127,Eastern
1978,WV,20,Eastern
1978,WY,53,Central
1979,AK,180,AlaskaHawaii
1979,AL,131,Eastern
1979,AP,1,Eastern
1979,AR,71,Central
1979,AZ,198,Western
1979,CA,920,Western
1979,CO,196,Central
1979,CT,51,Eastern
1979,DC,5,Eastern
1979,DE,258,Eastern
1979,FL,566,Eastern
1979,GA,173,Eastern
1979,HI,12,AlaskaHawaii
1979,IA,92,Central
1979,ID,100,Western
1979,IL,178,Central
1979,IN,137,Central
1979,KS,122,Central
1979,KY,68,Eastern
1979,LA,118,Central
1979,MA,107,Eastern
1979,MD,59,Eastern
1979,ME,37,Eastern
1979,MH,1,Eastern
1979,MI,188,Central
1979,MN,145,Central
1979,MO,113,Central
1979,MP,5,Eastern
1979,MS,65,Eastern
1979,MT,112,Western
1979,NC,159,Eastern
1979,ND,38,Central
1979,NE,66,Central
1979,NH,36,Eastern
1979,NJ,91,Eastern
1979,NM,95,Central
1979,NV,103,Western
1979,NY,160,Eastern
1979,OH,215,Central
1979,OK,145,Central
1979,OR,183,Western
1979,PA,194,Eastern
1979,PR,13,Eastern
1979,RI,12,Eastern
1979,SC,83,Eastern
1979,SD,37,Central
1979,TN,136,Eastern
1979,TX,757,Central
1979,UT,92,Western
1979,VA,145,Eastern
1979,VI,3,Eastern
1979,VT,17,Eastern
1979,WA,230,Western
1979,WI,149,Eastern
1979,WV,23,Eastern
1979,WY,56,Central
1980,AK,119,AlaskaHawaii
1980,AL,78,Eastern
1980,AP,1,Eastern
1980,AR,66,Central
1980,AZ,135,Western
1980,CA,580,Western
1980,CO,119,Central
1980,CT,45,Eastern
1980,DC,7,Eastern
1980,DE,201,Eastern
1980,FL,341,Eastern
1980,GA,109,Eastern
1980,GU,5,Eastern
1980,HI,14,AlaskaHawaii
1980,IA,62,Central
1980,ID,54,Western
1980,IL,120,Central
1980,IN,81,Central
1980,KS,98,Central
1980,KY,36,Eastern
1980,LA,83,Central
1980,MA,77,Eastern
1980,MD,47,Eastern
1980,ME,23,Eastern
1980,MI,118,Central
1980,MN,86,Central
1980,MO,93,Central
1980,MP,2,Eastern
1980,MS,46,Eastern
1980,MT,69,Western
1980,NC,118,Eastern
1980,ND,31,Central
1980,NE,47,Central
1980,NH,23,Eastern
1980,NJ,45,Eastern
1980,NM,62,Central
1980,NV,79,Western
1980,NY,97,Eastern
1980,OH,134,Central
1980,OK,89,Central
1980,OR,124,Western
1980,PA,118,Eastern
1980,PR,10,Eastern
1980,RI,5,Eastern
1980,SC,54,Eastern
1980,SD,35,Central
1980,TN,90,Eastern
1980,TX,494,Central
1980,UT,56,Western
1980,VA,115,Eastern
1980,VI,4,Eastern
1980,VT,16,Eastern
1980,WA,169,Western
1980,WI,115,Eastern
1980,WV,23,Eastern
1980,WY,36,Central
1981,AK,116,AlaskaHawaii
1981,AL,77,Eastern
1981,AP,1,Eastern
1981,AR,49,Central
1981,AZ,92,Western
1981,CA,366,Western
1981,CO,112,Central
1981,CT,33,Eastern
1981,DC,5,Eastern
1981,DE,218,Eastern
1981,FL,320,Eastern
1981,GA,114,Eastern
1981,GU,1,Eastern
1981,HI,6,AlaskaHawaii
1981,IA,51,Central
1981,ID,48,Western
1981,IL,100,Central
1981,IN,71,Central
1981,KS,79,Central
1981,KY,31,Eastern
1981,LA,73,Central
1981,MA,56,Eastern
1981,MD,24,Eastern
1981,ME,27,Eastern
1981,MI,104,Central
1981,MN,94,Central
1981,MO,73,Central
1981,MP,1,Eastern
1981,MS,31,Eastern
1981,MT,47,Western
1981,NC,81,Eastern
1981,ND,26,Central
1981,NE,31,Central
1981,NH,29,Eastern
1981,NJ,49,Eastern
1981,NM,45,Central
1981,NV,57,Western
1981,NY,107,Eastern
1981,OH,92,Central
1981,OK,72,Central
1981,OR,93,Western
1981,PA,88,Eastern
1981,PR,5,Eastern
1981,RI,11,Eastern
1981,SC,44,Eastern
1981,SD,36,Central
1981,TN,77,Eastern
1981,TX,400,Central
1981,UT,44,Western
1981,VA,89,Eastern
1981,VI,3,Eastern
1981,VT,10,Eastern
1981,WA,120,Western
1981,WI,71,Eastern
1981,WV,11,Eastern
1981,WY,25,Central
1982,AK,85,AlaskaHawaii
1982,AL,39,Eastern
1982,AP,1,Eastern
1982,AR,24,Central
1982,AZ,72,Western
1982,CA,228,Western
1982,CO,61,Central
1982,CT,10,Eastern
1982,DC,1,Eastern
1982,DE,105,Eastern
1982,FL,190,Eastern
1982,GA,59,Eastern
1982,GU,1,Eastern
1982,HI,6,AlaskaHawaii
1982,IA,25,Central
1982,ID,28,Western
1982,IL,49,Central
1982,IN,42,Central
1982,KS,43,Central
1982,KY,10,Eastern
1982,LA,38,Central
1982,MA,30,Eastern
1982,MD,21,Eastern
1982,ME,21,Eastern
1982,MI,44,Central
1982,MN,50,Central
1982,MO,53,Central
1982,MP,1,Eastern
1982,MS,12,Eastern
1982,MT,20,Western
1982,NC,46,Eastern
1982,ND,9,Central
1982,NE,24,Central
1982,NH,16,Eastern
1982,NJ,22,Eastern
1982,NM,29,Central
1982,NV,35,Western
1982,NY,55,Eastern
1982,OH,47,Central
1982,OK,35,Central
1982,OR,43,Western
1982,PA,53,Eastern
1982,PR,6,Eastern
1982,RI,1,Eastern
1982,SC,27,Eastern
1982,SD,12,Central
1982,TN,50,Eastern
1982,TX,220,Central
1982,UT,33,Western
1982,VA,55,Eastern
1982,VI,1,Eastern
1982,VT,2,Eastern
1982,WA,73,Western
1982,WI,40,Eastern
1982,WV,3,Eastern
1982,WY,18,Central
1983,AK,66,AlaskaHawaii
1983,AL,32,Eastern
1983,AR,25,Central
1983,AZ,34,Western
1983,CA,197,Western
1983,CO,42,Central
1983,CT,10,Eastern
1983,DC,1,Eastern
1983,DE,102,Eastern
1983,FL,172,Eastern
1983,GA,54,Eastern
1983,HI,4,AlaskaHawaii
1983,IA,21,Central
1983,ID,14,Western
1983,IL,49,Central
1983,IN,33,Central
1983,KS,31,Central
1983,KY,15,Eastern
1983,LA,22,Central
1983,MA,15,Eastern
1983,MD,16,Eastern
1983,ME,7,Eastern
1983,MI,67,Central
1983,MN,46,Central
1983,MO,26,Central
1983,MS,14,Eastern
1983,MT,25,Western
1983,NC,43,Eastern
1983,ND,7,Central
1983,NE,10,Central
1983,NH,13,Eastern
1983,NJ,24,Eastern
1983,NM,28,Central
1983,NV,26,Western
1983,NY,28,Eastern
1983,OH,43,Central
1983,OK,40,Central
1983,OR,49,Western
1983,PA,39,Eastern
1983,PR,2,Eastern
1983,RI,1,Eastern
1983,SC,11,Eastern
1983,SD,5,Central
1983,TN,27,Eastern
1983,TX,170,Central
1983,UT,20,Western
1983,VA,22,Eastern
1983,VI,2,Eastern
1983,VT,9,Eastern
1983,WA,63,Western
1983,WI,30,Eastern
1983,WV,1,Eastern
1983,WY,8,Central
1984,AK,55,AlaskaHawaii
1984,AL,61,Eastern
1984,AR,15,Central
1984,AZ,38,Western
1984,CA,191,Western
1984,CO,45,Central
1984,CT,24,Eastern
1984,DC,2,Eastern
1984,DE,82,Eastern
1984,FL,126,Eastern
1984,GA,42,Eastern
1984,HI,6,AlaskaHawaii
1984,IA,16,Central
1984,ID,15,Western
1984,IL,44,Central
1984,IN,31,Central
1984,KS,32,Central
1984,KY,15,Eastern
1984,LA,27,Central
1984,MA,12,Eastern
1984,MD,18,Eastern
1984,ME,8,Eastern
1984,MI,45,Central
1984,MN,40,Central
1984,MO,32,Central
1984,MS,24,Eastern
1984,MT,20,Western
1984,NC,42,Eastern
1984,ND,9,Central
1984,NE,23,Central
1984,NH,11,Eastern
1984,NJ,26,Eastern
1984,NM,31,Central
1984,NV,28,Western
1984,NY,46,Eastern
1984,OH,54,Central
1984,OK,36,Central
1984,OR,52,Western
1984,PA,44,Eastern
1984,PR,3,Eastern
1984,RI,1,Eastern
1984,SC,15,Eastern
1984,SD,4,Central
1984,TN,37,Eastern
1984,TX,193,Central
1984,UT,35,Western
1984,VA,41,Eastern
1984,VT,7,Eastern
1984,WA,52,Western
1984,WI,27,Eastern
1984,WV,9,Eastern
1984,WY,12,Central
1985,AK,44,AlaskaHawaii
1985,AL,66,Eastern
1985,AR,15,Central
1985,AZ,33,Western
1985,CA,155,Western
1985,CO,37,Central
1985,CT,14,Eastern
1985,DE,60,Eastern
1985,FL,135,Eastern
1985,GA,49,Eastern
1985,GU,1,Eastern
1985,HI,5,AlaskaHawaii
1985,IA,14,Central
1985,ID,17,Western
1985,IL,44,Central
1985,IN,26,Central
1985,KS,34,Central
1985,KY,6,Eastern
1985,LA,19,Central
1985,MA,21,Eastern
1985,MD,22,Eastern
1985,ME,7,Eastern
1985,MI,44,Central
1985,MN,35,Central
1985,MO,32,Central
1985,MS,14,Eastern
1985,MT,19,Western
1985,NC,37,Eastern
1985,ND,8,Central
1985,NE,5,Central
1985,NH,3,Eastern
1985,NJ,29,Eastern
1985,NM,23,Central
1985,NV,22,Western
1985,NY,39,Eastern
1985,OH,39,Central
1985,OK,30,Central
1985,OR,53,Western
1985,PA,41,Eastern
1985,PR,2,Eastern
1985,RI,2,Eastern
1985,SC,14,Eastern
1985,SD,6,Central
1985,TN,25,Eastern
1985,TX,128,Central
1985,UT,20,Western
1985,VA,28,Eastern
1985,VT,3,Eastern
1985,WA,52,Western
1985,WI,31,Eastern
1985,WV,4,Eastern
1985,WY,11,Central
1986,AK,40,AlaskaHawaii
1986,AL,36,Eastern
1986,AR,10,Central
1986,AZ,34,Western
1986,CA,129,Western
1986,CO,40,Central
1986,CT,8,Eastern
1986,DC,1,Eastern
1986,DE,56,Eastern
1986,FL,106,Eastern
1986,GA,29,Eastern
1986,GU,1,Eastern
1986,HI,1,AlaskaHawaii
1986,IA,11,Central
1986,ID,22,Western
1986,IL,35,Central
1986,IN,20,Central
1986,KS,25,Central
1986,KY,7,Eastern
1986,LA,15,Central
1986,MA,18,Eastern
1986,MD,18,Eastern
1986,ME,10,Eastern
1986,MI,31,Central
1986,MN,28,Central
1986,MO,22,Central
1986,MS,12,Eastern
1986,MT,14,Western
1986,NC,33,Eastern
1986,ND,5,Central
1986,NE,12,Central
1986,NH,12,Eastern
1986,NJ,9,Eastern
1986,NM,15,Central
1986,NV,20,Western
1986,NY,26,Eastern
1986,OH,35,Central
1986,OK,18,Central
1986,OR,34,Western
1986,PA,44,Eastern
1986,PR,2,Eastern
1986,RI,2,Eastern
1986,SC,15,Eastern
1986,SD,8,Central
1986,TN,28,Eastern
1986,TX,135,Central
1986,UT,18,Western
1986,VA,24,Eastern
1986,VT,3,Eastern
1986,WA,46,Western
1986,WI,32,Eastern
1986,WV,2,Eastern
1986,WY,11,Central
1987,AK,37,AlaskaHawaii
1987,AL,14,Eastern
1987,AR,7,Central
1987,AZ,29,Western
1987,CA,134,Western
1987,CO,35,Central
1987,CT,16,Eastern
1987,DC,2,Eastern
1987,DE,61,Eastern
1987,FL,80,Eastern
1987,GA,40,Eastern
1987,HI,2,AlaskaHawaii
1987,IA,12,Central
1987,ID,13,Western
1987,IL,28,Central
1987,IN,25,Central
1987,KS,23,Central
1987,KY,11,Eastern
1987,LA,20,Central
1987,MA,16,Eastern
1987,MD,7,Eastern
1987,ME,3,Eastern
1987,MI,30,Central
1987,MN,32,Central
1987,MO,25,Central
1987,MS,10,Eastern
1987,MT,18,Western
1987,NC,26,Eastern
1987,ND,12,Central
1987,NE,10,Central
1987,NH,10,Eastern
1987,NJ,17,Eastern
1987,NM,11,Central
1987,NV,23,Western
1987,NY,26,Eastern
1987,OH,21,Central
1987,OK,24,Central
1987,OR,44,Western
1987,PA,30,Eastern
1987,PR,1,Eastern
1987,RI,2,Eastern
1987,SC,18,Eastern
1987,SD,8,Central
1987,TN,54,Eastern
1987,TX,117,Central
1987,UT,11,Western
1987,VA,23,Eastern
1987,VT,3,Eastern
1987,WA,53,Western
1987,WI,31,Eastern
1987,WV,7,Eastern
1987,WY,8,Central
1988,AK,36,AlaskaHawaii
1988,AL,12,Eastern
1988,AR,16,Central
1988,AZ,33,Western
1988,CA,107,Western
1988,CO,34,Central
1988,CT,5,Eastern
1988,DC,3,Eastern
1988,DE,57,Eastern
1988,FL,99,Eastern
1988,GA,31,Eastern
1988,HI,2,AlaskaHawaii
1988,IA,21,Central
1988,ID,15,Western
1988,IL,30,Central
1988,IN,15,Central
1988,KS,19,Central
1988,KY,14,Eastern
1988,LA,19,Central
1988,MA,12,Eastern
1988,MD,12,Eastern
1988,ME,6,Eastern
1988,MI,30,Central
1988,MN,27,Central
1988,MO,29,Central
1988,MS,10,Eastern
1988,MT,31,Western
1988,NC,27,Eastern
1988,ND,10,Central
1988,NE,13,Central
1988,NH,10,Eastern
1988,NJ,11,Eastern
1988,NM,14,Central
1988,NV,34,Western
1988,NY,32,Eastern
1988,OH,31,Central
1988,OK,20,Central
1988,OR,25,Western
1988,PA,29,Eastern
1988,PR,6,Eastern
1988,RI,2,Eastern
1988,SC,12,Eastern
1988,SD,14,Central
1988,TN,50,Eastern
1988,TX,150,Central
1988,UT,20,Western
1988,VA,19,Eastern
1988,VI,2,Eastern
1988,VT,5,Eastern
1988,WA,46,Western
1988,WI,23,Eastern
1988,WV,5,Eastern
1988,WY,5,Central
1989,AK,52,AlaskaHawaii
1989,AL,8,Eastern
1989,AR,16,Central
1989,AS,1,Eastern
1989,AZ,52,Western
1989,CA,144,Western
1989,CO,46,Central
1989,CT,7,Eastern
1989,DC,1,Eastern
1989,DE,69,Eastern
1989,FL,130,Eastern
1989,GA,42,Eastern
1989,GU,1,Eastern
1989,HI,5,AlaskaHawaii
1989,IA,19,Central
1989,ID,20,Western
1989,IL,32,Central
1989,IN,26,Central
1989,KS,27,Central
1989,KY,7,Eastern
1989,LA,18,Central
1989,MA,17,Eastern
1989,MD,14,Eastern
1989,ME,7,Eastern
1989,MI,31,Central
1989,MN,33,Central
1989,MO,22,Central
1989,MS,17,Eastern
1989,MT,21,Western
1989,NC,35,Eastern
1989,ND,13,Central
1989,NE,12,Central
1989,NH,8,Eastern
1989,NJ,13,Eastern
1989,NM,19,Central
1989,NV,16,Western
1989,NY,30,Eastern
1989,OH,32,Central
1989,OK,31,Central
1989,OR,39,Western
1989,PA,32,Eastern
1989,PR,4,Eastern
1989,RI,1,Eastern
1989,SC,15,Eastern
1989,SD,9,Central
1989,TN,58,Eastern
1989,TX,145,Central
1989,UT,27,Western
1989,VA,28,Eastern
1989,VI,1,Eastern
1989,VT,2,Eastern
1989,WA,55,Western
1989,WI,36,Eastern
1989,WV,8,Eastern
1989,WY,13,Central
1990,AK,53,AlaskaHawaii
1990,AL,21,Eastern
1990,AR,22,Central
1990,AZ,51,Western
1990,CA,159,Western
1990,CO,40,Central
1990,CT,6,Eastern
1990,DC,2,Eastern
1990,DE,79,Eastern
1990,FL,104,Eastern
1990,GA,64,Eastern
1990,HI,9,AlaskaHawaii
1990,IA,24,Central
1990,ID,24,Western
1990,IL,73,Central
1990,IN,23,Central
1990,KS,26,Central
1990,KY,13,Eastern
1990,LA,25,Central
1990,MA,16,Eastern
1990,MD,22,Eastern
1990,ME,10,Eastern
1990,MI,33,Central
1990,MN,19,Central
1990,MO,32,Central
1990,MP,1,Eastern
1990,MS,10,Eastern
1990,MT,23,Western
1990,NC,28,Eastern
1990,ND,9,Central
1990,NE,8,Central
1990,NH,8,Eastern
1990,NJ,12,Eastern
1990,NM,19,Central
1990,NV,32,Western
1990,NY,28,Eastern
1990,OH,41,Central
1990,OK,34,Central
1990,OR,32,Western
1990,PA,37,Eastern
1990,PR,1,Eastern
1990,RI,4,Eastern
1990,SC,12,Eastern
1990,SD,14,Central
1990,TN,69,Eastern
1990,TX,165,Central
1990,UT,37,Western
1990,VA,29,Eastern
1990,VI,1,Eastern
1990,VT,3,Eastern
1990,WA,63,Western
1990,WI,34,Eastern
1990,WV,3,Eastern
1990,WY,14,Central
1991,AK,72,AlaskaHawaii
1991,AL,34,Eastern
1991,AR,24,Central
1991,AZ,34,Western
1991,CA,160,Western
1991,CO,38,Central
1991,CT,14,Eastern
1991,DC,4,Eastern
1991,DE,76,Eastern
1991,FL,118,Eastern
1991,GA,74,Eastern
1991,GU,1,Eastern
1991,HI,7,AlaskaHawaii
1991,IA,14,Central
1991,ID,22,Western
1991,IL,49,Central
1991,IN,22,Central
1991,KS,34,Central
1991,KY,12,Eastern
1991,LA,22,Central
1991,MA,24,Eastern
1991,MD,20,Eastern
1991,ME,8,Eastern
1991,MI,53,Central
1991,MN,31,Central
1991,MO,28,Central
1991,MS,15,Eastern
1991,MT,25,Western
1991,NC,44,Eastern
1991,ND,10,Central
1991,NE,17,Central
1991,NH,7,Eastern
1991,NJ,21,Eastern
1991,NM,24,Central
1991,NV,26,Western
1991,NY,32,Eastern
1991,OH,45,Central
1991,OK,27,Central
1991,OR,47,Western
1991,PA,32,Eastern
1991,PR,5,Eastern
1991,SC,16,Eastern
1991,SD,24,Central
1991,TN,85,Eastern
1991,TX,182,Central
1991,UT,40,Western
1991,VA,22,Eastern
1991,VT,4,Eastern
1991,WA,54,Western
1991,WI,33,Eastern
1991,WV,3,Eastern
1991,WY,17,Central
1992,AK,59,AlaskaHawaii
1992,AL,27,Eastern
1992,AR,23,Central
1992,AZ,51,Western
1992,CA,162,Western
1992,CO,42,Central
1992,CT,8,Eastern
1992,DC,2,Eastern
1992,DE,70,Eastern
1992,FL,119,Eastern
1992,GA,81,Eastern
1992,HI,4,AlaskaHawaii
1992,IA,24,Central
1992,ID,27,Western
1992,IL,59,Central
1992,IN,21,Central
1992,KS,40,Central
1992,KY,21,Eastern
1992,LA,34,Central
1992,MA,16,Eastern
1992,MD,9,Eastern
1992,ME,7,Eastern
1992,MI,39,Central
1992,MN,36,Central
1992,MO,28,Central
1992,MS,13,Eastern
1992,MT,29,Western
1992,NC,40,Eastern
1992,ND,17,Central
1992,NE,13,Central
1992,NH,7,Eastern
1992,NJ,19,Eastern
1992,NM,36,Central
1992,NV,30,Western
1992,NY,45,Eastern
1992,OH,41,Central
1992,OK,41,Central
1992,OR,46,Western
1992,PA,43,Eastern
1992,PR,5,Eastern
1992,RI,3,Eastern
1992,SC,22,Eastern
1992,SD,13,Central
1992,TN,55,Eastern
1992,TX,157,Central
1992,UT,43,Western
1992,VA,38,Eastern
1992,VT,2,Eastern
1992,WA,70,Western
1992,WI,42,Eastern
1992,WV,4,Eastern
1992,WY,8,Central
1993,AK,137,AlaskaHawaii
1993,AL,31,Eastern
1993,AR,24,Central
1993,AZ,38,Western
1993,CA,211,Western
1993,CO,47,Central
1993,CT,15,Eastern
1993,DC,5,Eastern
1993,DE,94,Eastern
1993,FL,132,Eastern
1993,GA,66,Eastern
1993,GU,1,Eastern
1993,HI,3,AlaskaHawaii
1993,IA,22,Central
1993,ID,30,Western
1993,IL,54,Central
1993,IN,42,Central
1993,KS,31,Central
1993,KY,20,Eastern
1993,LA,38,Central
1993,MA,14,Eastern
1993,MD,10,Eastern
1993,ME,14,Eastern
1993,MI,64,Central
1993,MN,37,Central
1993,MO,28,Central
1993,MP,1,Eastern
1993,MS,25,Eastern
1993,MT,31,Western
1993,NC,47,Eastern
1993,ND,16,Central
1993,NE,20,Central
1993,NH,9,Eastern
1993,NJ,22,Eastern
1993,NM,30,Central
1993,NV,35,Western
1993,NY,44,Eastern
1993,OH,58,Central
1993,OK,55,Central
1993,OR,66,Western
1993,PA,43,Eastern
1993,PR,2,Eastern
1993,RI,2,Eastern
1993,SC,17,Eastern
1993,SD,14,Central
1993,TN,66,Eastern
1993,TX,192,Central
1993,UT,55,Western
1993,VA,33,Eastern
1993,VI,2,Eastern
1993,VT,3,Eastern
1993,WA,78,Western
1993,WI,44,Eastern
1993,WV,11,Eastern
1993,WY,13,Central
1994,AK,88,AlaskaHawaii
1994,AL,68,Eastern
1994,AR,21,Central
1994,AZ,54,Western
1994,CA,184,Western
1994,CO,40,Central
1994,CT,14,Eastern
1994,DC,2,Eastern
1994,DE,96,Eastern
1994,FL,165,Eastern
1994,GA,57,Eastern
1994,HI,4,AlaskaHawaii
1994,IA,20,Central
1994,ID,23,Western
1994,IL,80,Central
1994,IN,34,Central
1994,KS,43,Central
1994,KY,24,Eastern
1994,LA,37,Central
1994,MA,20,Eastern
1994,MD,23,Eastern
1994,ME,15,Eastern
1994,MI,59,Central
1994,MN,55,Central
1994,MO,44,Central
1994,MS,21,Eastern
1994,MT,31,Western
1994,NC,42,Eastern
1994,ND,17,Central
1994,NE,25,Central
1994,NH,11,Eastern
1994,NJ,29,Eastern
1994,NM,34,Central
1994,NV,36,Western
1994,NY,48,Eastern
1994,OH,58,Central
1994,OK,40,Central
1994,OR,40,Western
1994,PA,50,Eastern
1994,PR,3,Eastern
1994,RI,4,Eastern
1994,SC,21,Eastern
1994,SD,18,Central
1994,TN,67,Eastern
1994,TX,192,Central
1994,UT,56,Western
1994,VA,26,Eastern
1994,VT,3,Eastern
1994,WA,84,Western
1994,WI,52,Eastern
1994,WV,3,Eastern
1994,WY,24,Central
1995,AK,94,AlaskaHawaii
1995,AL,57,Eastern
1995,AR,18,Central
1995,AZ,56,Western
1995,CA,176,Western
1995,CO,51,Central
1995,CT,10,Eastern
1995,DC,1,Eastern
1995,DE,121,Eastern
1995,FL,159,Eastern
1995,GA,70,Eastern
1995,HI,5,AlaskaHawaii
1995,IA,24,Central
1995,ID,31,Western
1995,IL,58,Central
1995,IN,39,Central
1995,KS,48,Central
1995,KY,27,Eastern
1995,LA,31,Central
1995,MA,27,Eastern
1995,MD,18,Eastern
1995,ME,9,Eastern
1995,MI,52,Central
1995,MN,48,Central
1995,MO,35,Central
1995,MP,1,Eastern
1995,MS,29,Eastern
1995,MT,47,Western
1995,NC,47,Eastern
1995,ND,19,Central
1995,NE,25,Central
1995,NH,10,Eastern
1995,NJ,25,Eastern
1995,NM,25,Central
1995,NV,33,Western
1995,NY,38,Eastern
1995,OH,55,Central
1995,OK,52,Central
1995,OR,64,Western
1995,PA,42,Eastern
1995,PR,1,Eastern
1995,RI,5,Eastern
1995,SC,24,Eastern
1995,SD,17,Central
1995,TN,82,Eastern
1995,TX,245,Central
1995,UT,46,Western
1995,VA,36,Eastern
1995,VI,1,Eastern
1995,VT,7,Eastern
1995,WA,82,Western
1995,WI,48,Eastern
1995,WV,4,Eastern
1995,WY,21,Central
1996,AK,63,AlaskaHawaii
1996,AL,32,Eastern
1996,AR,20,Central
1996,AZ,59,Western
1996,CA,192,Western
1996,CO,66,Central
1996,CT,17,Eastern
1996,DC,6,Eastern
1996,DE,138,Eastern
1996,FL,201,Eastern
1996,GA,95,Eastern
1996,HI,3,AlaskaHawaii
1996,IA,24,Central
1996,ID,41,Western
1996,IL,69,Central
1996,IN,47,Central
1996,KS,47,Central
1996,KY,43,Eastern
1996,LA,40,Central
1996,MA,20,Eastern
1996,MD,11,Eastern
1996,ME,18,Eastern
1996,MI,55,Central
1996,MN,50,Central
1996,MO,44,Central
1996,MS,21,Eastern
1996,MT,44,Western
1996,NC,48,Eastern
1996,ND,24,Central
1996,NE,23,Central
1996,NH,14,Eastern
1996,NJ,27,Eastern
1996,NM,40,Central
1996,NV,55,Western
1996,NY,49,Eastern
1996,OH,53,Central
1996,OK,43,Central
1996,OR,63,Western
1996,PA,34,Eastern
1996,PR,8,Eastern
1996,RI,3,Eastern
1996,SC,24,Eastern
1996,SD,16,Central
1996,TN,65,Eastern
1996,TX,226,Central
1996,UT,55,Western
1996,VA,48,Eastern
1996,VI,2,Eastern
1996,VT,5,Eastern
1996,WA,75,Western
1996,WI,48,Eastern
1996,WV,10,Eastern
1996,WY,32,Central
1997,AK,92,AlaskaHawaii
1997,AL,56,Eastern
1997,AR,37,Central
1997,AZ,72,Western
1997,CA,232,Western
1997,CO,64,Central
1997,CT,22,Eastern
1997,DC,2,Eastern
1997,DE,183,Eastern
1997,FL,205,Eastern
1997,GA,78,Eastern
1997,HI,14,AlaskaHawaii
1997,IA,35,Central
1997,ID,39,Western
1997,IL,104,Central
1997,IN,52,Central
1997,KS,62,Central
1997,KY,33,Eastern
1997,LA,53,Central
1997,MA,35,Eastern
1997,MD,22,Eastern
1997,ME,21,Eastern
1997,MI,67,Central
1997,MN,63,Central
1997,MO,46,Central
1997,MS,31,Eastern
1997,MT,48,Western
1997,NC,48,Eastern
1997,ND,26,Central
1997,NE,17,Central
1997,NH,13,Eastern
1997,NJ,38,Eastern
1997,NM,49,Central
1997,NV,61,Western
1997,NY,53,Eastern
1997,OH,63,Central
1997,OK,51,Central
1997,OR,68,Western
1997,PA,51,Eastern
1997,PR,5,Eastern
1997,RI,4,Eastern
1997,SC,14,Eastern
1997,SD,19,Central
1997,TN,50,Eastern
1997,TX,285,Central
1997,UT,68,Western
1997,VA,50,Eastern
1997,VI,1,Eastern
1997,VT,7,Eastern
1997,WA,82,Western
1997,WI,51,Eastern
1997,WV,6,Eastern
1997,WY,21,Central
1998,AK,94,AlaskaHawaii
1998,AL,44,Eastern
1998,AR,48,Central
1998,AZ,85,Western
1998,CA,274,Western
1998,CO,69,Central
1998,CT,36,Eastern
1998,DC,10,Eastern
1998,DE,213,Eastern
1998,FL,254,Eastern
1998,GA,109,Eastern
1998,GU,1,Eastern
1998,HI,15,AlaskaHawaii
1998,IA,43,Central
1998,ID,54,Western
1998,IL,169,Central
1998,IN,53,Central
1998,KS,62,Central
1998,KY,33,Eastern
1998,LA,63,Central
1998,MA,49,Eastern
1998,MD,22,Eastern
1998,ME,23,Eastern
1998,MI,77,Central
1998,MN,64,Central
1998,MO,59,Central
1998,MS,44,Eastern
1998,MT,67,Western
1998,NC,80,Eastern
1998,ND,22,Central
1998,NE,30,Central
1998,NH,23,Eastern
1998,NJ,27,Eastern
1998,NM,45,Central
1998,NV,51,Western
1998,NY,77,Eastern
1998,OH,80,Central
1998,OK,48,Central
1998,OR,91,Western
1998,PA,75,Eastern
1998,PR,6,Eastern
1998,RI,7,Eastern
1998,SC,32,Eastern
1998,SD,25,Central
1998,TN,57,Eastern
1998,TX,382,Central
1998,UT,95,Western
1998,VA,65,Eastern
1998,VI,2,Eastern
1998,VT,9,Eastern
1998,WA,96,Western
1998,WI,58,Eastern
1998,WV,9,Eastern
1998,WY,21,Central
1999,AK,124,AlaskaHawaii
1999,AL,61,Eastern
1999,AR,42,Central
1999,AZ,111,Western
1999,CA,320,Western
1999,CO,86,Central
1999,CT,26,Eastern
1999,DC,2,Eastern
1999,DE,253,Eastern
1999,FL,247,Eastern
1999,GA,141,Eastern
1999,GU,1,Eastern
1999,HI,7,AlaskaHawaii
1999,IA,35,Central
1999,ID,38,Western
1999,IL,143,Central
1999,IN,54,Central
1999,KS,85,Central
1999,KY,35,Eastern
1999,LA,64,Central
1999,MA,71,Eastern
1999,MD,35,Eastern
1999,ME,22,Eastern
1999,MI,74,Central
1999,MN,65,Central
1999,MO,47,Central
1999,MS,37,Eastern
1999,MT,48,Western
1999,NC,72,Eastern
1999,ND,20,Central
1999,NE,28,Central
1999,NH,14,Eastern
1999,NJ,39,Eastern
1999,NM,42,Central
1999,NV,49,Western
1999,NY,71,Eastern
1999,OH,88,Central
1999,OK,84,Central
1999,OR,94,Western
1999,PA,70,Eastern
1999,PR,6,Eastern
1999,RI,2,Eastern
1999,SC,33,Eastern
1999,SD,30,Central
1999,TN,78,Eastern
1999,TX,450,Central
1999,UT,175,Western
1999,VA,69,Eastern
1999,VT,8,Eastern
1999,WA,138,Western
1999,WI,71,Eastern
1999,WV,9,Eastern
1999,WY,28,Central
2000,AK,74,AlaskaHawaii
2000,AL,58,Eastern
2000,AR,56,Central
2000,AZ,114,Western
2000,CA,404,Western
2000,CO,93,Central
2000,CT,23,Eastern
2000,DC,2,Eastern
2000,DE,231,Eastern
2000,FL,331,Eastern
2000,GA,147,Eastern
2000,GU,1,Eastern
2000,HI,13,AlaskaHawaii
2000,IA,44,Central
2000,ID,49,Western
2000,IL,147,Central
2000,IN,64,Central
2000,KS,69,Central
2000,KY,37,Eastern
2000,LA,66,Central
2000,MA,43,Eastern
2000,MD,35,Eastern
2000,ME,21,Eastern
2000,MI,90,Central
2000,MN,81,Central
2000,MO,80,Central
2000,MS,41,Eastern
2000,MT,49,Western
2000,NC,88,Eastern
2000,ND,22,Central
2000,NE,30,Central
2000,NH,22,Eastern
2000,NJ,39,Eastern
2000,NM,53,Central
2000,NV,52,Western
2000,NY,87,Eastern
2000,OH,98,Central
2000,OK,58,Central
2000,OR,91,Western
2000,PA,75,Eastern
2000,PR,8,Eastern
2000,RI,4,Eastern
2000,SC,36,Eastern
2000,SD,23,Central
2000,TN,69,Eastern
2000,TX,469,Central
2000,UT,192,Western
2000,VA,87,Eastern
2000,VT,11,Eastern
2000,WA,120,Western
2000,WI,67,Eastern
2000,WV,4,Eastern
2000,WY,23,Central
2001,AK,94,AlaskaHawaii
2001,AL,56,Eastern
2001,AR,37,Central
2001,AZ,111,Western
2001,CA,349,Western
2001,CO,107,Central
2001,CT,32,Eastern
2001,DC,2,Eastern
2001,DE,238,Eastern
2001,FL,276,Eastern
2001,GA,144,Eastern
2001,HI,22,AlaskaHawaii
2001,IA,43,Central
2001,ID,36,Western
2001,IL,156,Central
2001,IN,44,Central
2001,KS,64,Central
2001,KY,38,Eastern
2001,LA,46,Central
2001,MA,43,Eastern
2001,MD,27,Eastern
2001,ME,9,Eastern
2001,MI,88,Central
2001,MN,69,Central
2001,MO,69,Central
2001,MS,44,Eastern
2001,MT,54,Western
2001,NC,94,Eastern
2001,ND,24,Central
2001,NE,23,Central
2001,NH,21,Eastern
2001,NJ,41,Eastern
2001,NM,54,Central
2001,NV,68,Western
2001,NY,90,Eastern
2001,OH,83,Central
2001,OK,69,Central
2001,OR,101,Western
2001,PA,75,Eastern
2001,PR,6,Eastern
2001,RI,8,Eastern
2001,SC,39,Eastern
2001,SD,12,Central
2001,TN,71,Eastern
2001,TX,467,Central
2001,UT,203,Western
2001,VA,73,Eastern
2001,VI,2,Eastern
2001,VT,11,Eastern
2001,WA,137,Western
2001,WI,76,Eastern
2001,WV,10,Eastern
2001,WY,23,Central
2002,AK,79,AlaskaHawaii
2002,AL,77,Eastern
2002,AR,28,Central
2002,AZ,115,Western
2002,CA,334,Western
2002,CO,95,Central
2002,CT,21,Eastern
2002,DC,14,Eastern
2002,DE,210,Eastern
2002,FL,267,Eastern
2002,GA,133,Eastern
2002,HI,8,AlaskaHawaii
2002,IA,49,Central
2002,ID,33,Western
2002,IL,154,Central
2002,IN,58,Central
2002,KS,74,Central
2002,KY,40,Eastern
2002,LA,38,Central
2002,MA,50,Eastern
2002,MD,25,Eastern
2002,ME,22,Eastern
2002,MI,78,Central
2002,MN,62,Central
2002,MO,49,Central
2002,MP,1,Eastern
2002,MS,26,Eastern
2002,MT,59,Western
2002,NC,91,Eastern
2002,ND,15,Central
2002,NE,22,Central
2002,NH,23,Eastern
2002,NJ,31,Eastern
2002,NM,41,Central
2002,NV,50,Western
2002,NY,93,Eastern
2002,OH,80,Central
2002,OK,80,Central
2002,OR,77,Western
2002,PA,70,Eastern
2002,PR,5,Eastern
2002,RI,6,Eastern
2002,SC,43,Eastern
2002,SD,18,Central
2002,TN,60,Eastern
2002,TX,360,Central
2002,UT,173,Western
2002,VA,68,Eastern
2002,VI,2,Eastern
2002,VT,15,Eastern
2002,WA,99,Western
2002,WI,77,Eastern
2002,WV,8,Eastern
2002,WY,30,Central
2003,AK,74,AlaskaHawaii
2003,AL,74,Eastern
2003,AR,37,Central
2003,AZ,116,Western
2003,CA,335,Western
2003,CO,94,Central
2003,CT,31,Eastern
2003,DC,6,Eastern
2003,DE,176,Eastern
2003,FL,258,Eastern
2003,GA,114,Eastern
2003,HI,8,AlaskaHawaii
2003,IA,47,Central
2003,ID,43,Western
2003,IL,96,Central
2003,IN,56,Central
2003,KS,59,Central
2003,KY,42,Eastern
2003,LA,61,Central
2003,MA,28,Eastern
2003,MD,25,Eastern
2003,ME,8,Eastern
2003,MI,74,Central
2003,MN,82,Central
2003,MO,45,Central
2003,MS,42,Eastern
2003,MT,54,Western
2003,NC,74,Eastern
2003,ND,26,Central
2003,NE,23,Central
2003,NH,24,Eastern
2003,NJ,47,Eastern
2003,NM,42,Central
2003,NV,49,Western
2003,NY,73,Eastern
2003,OH,81,Central
2003,OK,48,Central
2003,OR,102,Western
2003,PA,71,Eastern
2003,PR,11,Eastern
2003,RI,7,Eastern
2003,SC,25,Eastern
2003,SD,22,Central
2003,TN,71,Eastern
2003,TX,375,Central
2003,UT,177,Western
2003,VA,64,Eastern
2003,VT,7,Eastern
2003,WA,111,Western
2003,WI,81,Eastern
2003,WV,11,Eastern
2003,WY,31,Central
2004,AK,81,AlaskaHawaii
2004,AL,67,Eastern
2004,AR,43,Central
2004,AZ,133,Western
2004,CA,364,Western
2004,CO,101,Central
2004,CT,39,Eastern
2004,DC,6,Eastern
2004,DE,223,Eastern
2004,FL,279,Eastern
2004,GA,148,Eastern
2004,HI,7,AlaskaHawaii
2004,IA,43,Central
2004,ID,51,Western
2004,IL,104,Central
2004,IN,75,Central
2004,KS,55,Central
2004,KY,42,Eastern
2004,LA,75,Central
2004,MA,42,Eastern
2004,MD,23,Eastern
2004,ME,16,Eastern
2004,MI,62,Central
2004,MN,55,Central
2004,MO,81,Central
2004,MS,32,Eastern
2004,MT,57,Western
2004,NC,80,Eastern
2004,ND,20,Central
2004,NE,23,Central
2004,NH,16,Eastern
2004,NJ,36,Eastern
2004,NM,43,Central
2004,NV,73,Western
2004,NY,99,Eastern
2004,OH,76,Central
2004,OK,70,Central
2004,OR,107,Western
2004,PA,78,Eastern
2004,PR,10,Eastern
2004,SC,38,Eastern
2004,SD,28,Central
2004,TN,89,Eastern
2004,TX,482,Central
2004,UT,204,Western
2004,VA,81,Eastern
2004,VI,2,Eastern
2004,VT,5,Eastern
2004,WA,109,Western
2004,WI,74,Eastern
2004,WV,6,Eastern
2004,WY,21,Central
2005,AK,84,AlaskaHawaii
2005,AL,87,Eastern
2005,AR,47,Central
2005,AZ,133,Western
2005,CA,373,Western
2005,CO,135,Central
2005,CT,38,Eastern
2005,DC,7,Eastern
2005,DE,244,Eastern
2005,FL,350,Eastern
2005,GA,87,Eastern
2005,GU,2,Eastern
2005,HI,16,AlaskaHawaii
2005,IA,55,Central
2005,ID,42,Western
2005,IL,112,Central
2005,IN,80,Central
2005,KS,71,Central
2005,KY,52,Eastern
2005,LA,71,Central
2005,MA,34,Eastern
2005,MD,36,Eastern
2005,ME,18,Eastern
2005,MI,95,Central
2005,MN,61,Central
2005,MO,73,Central
2005,MS,28,Eastern
2005,MT,51,Western
2005,NC,98,Eastern
2005,ND,32,Central
2005,NE,22,Central
2005,NH,19,Eastern
2005,NJ,38,Eastern
2005,NM,54,Central
2005,NV,59,Western
2005,NY,106,Eastern
2005,OH,102,Central
2005,OK,90,Central
2005,OR,93,Western
2005,PA,83,Eastern
2005,PR,7,Eastern
2005,RI,8,Eastern
2005,SC,51,Eastern
2005,SD,30,Central
2005,TN,83,Eastern
2005,TX,512,Central
2005,UT,213,Western
2005,VA,90,Eastern
2005,VT,10,Eastern
2005,WA,125,Western
2005,WI,68,Eastern
2005,WV,10,Eastern
2005,WY,29,Central
2006,AK,77,AlaskaHawaii
2006,AL,97,Eastern
2006,AR,50,Central
2006,AZ,141,Western
2006,CA,405,Western
2006,CO,132,Central
2006,CT,56,Eastern
2006,DC,10,Eastern
2006,DE,270,Eastern
2006,FL,373,Eastern
2006,GA,122,Eastern
2006,HI,19,AlaskaHawaii
2006,IA,58,Central
2006,ID,52,Western
2006,IL,113,Central
2006,IN,84,Central
2006,KS,64,Central
2006,KY,60,Eastern
2006,LA,94,Central
2006,MA,70,Eastern
2006,MD,28,Eastern
2006,ME,17,Eastern
2006,MI,112,Central
2006,MN,78,Central
2006,MO,80,Central
2006,MS,54,Eastern
2006,MT,57,Western
2006,NC,106,Eastern
2006,ND,27,Central
2006,NE,36,Central
2006,NH,16,Eastern
2006,NJ,51,Eastern
2006,NM,56,Central
2006,NV,72,Western
2006,NY,122,Eastern
2006,OH,107,Central
2006,OK,113,Central
2006,OR,124,Western
2006,PA,87,Eastern
2006,PR,9,Eastern
2006,RI,3,Eastern
2006,SC,55,Eastern
2006,SD,22,Central
2006,TN,92,Eastern
2006,TX,490,Central
2006,UT,240,Western
2006,VA,98,Eastern
2006,VT,6,Eastern
2006,WA,127,Western
2006,WI,122,Eastern
2006,WV,6,Eastern
2006,WY,32,Central
2007,AK,117,AlaskaHawaii
2007,AL,146,Eastern
2007,AR,86,Central
2007,AZ,193,Western
2007,CA,543,Western
2007,CO,211,Central
2007,CT,37,Eastern
2007,DC,10,Eastern
2007,DE,259,Eastern
2007,FL,533,Eastern
2007,GA,240,Eastern
2007,HI,24,AlaskaHawaii
2007,IA,77,Central
2007,ID,94,Western
2007,IL,251,Central
2007,IN,200,Central
2007,KS,124,Central
2007,KY,92,Eastern
2007,LA,141,Central
2007,MA,67,Eastern
2007,MD,63,Eastern
2007,ME,47,Eastern
2007,MI,194,Central
2007,MN,136,Central
2007,MO,109,Central
2007,MS,66,Eastern
2007,MT,68,Western
2007,NC,196,Eastern
2007,ND,36,Central
2007,NE,58,Central
2007,NH,46,Eastern
2007,NJ,63,Eastern
2007,NM,73,Central
2007,NV,100,Western
2007,NY,175,Eastern
2007,OH,223,Central
2007,OK,162,Central
2007,OR,182,Western
2007,PA,162,Eastern
2007,PR,25,Eastern
2007,RI,9,Eastern
2007,SC,93,Eastern
2007,SD,40,Central
2007,TN,182,Eastern
2007,TX,697,Central
2007,UT,217,Western
2007,VA,135,Eastern
2007,VI,2,Eastern
2007,VT,13,Eastern
2007,WA,218,Western
2007,WI,208,Eastern
2007,WV,33,Eastern
2007,WY,28,Central
2008,AK,70,AlaskaHawaii
2008,AL,83,Eastern
2008,AR,58,Central
2008,AZ,146,Western
2008,CA,466,Western
2008,CO,162,Central
2008,CT,34,Eastern
2008,DC,15,Eastern
2008,DE,277,Eastern
2008,FL,393,Eastern
2008,GA,200,Eastern
2008,GU,2,Eastern
2008,HI,13,AlaskaHawaii
2008,IA,74,Central
2008,ID,67,Western
2008,IL,184,Central
2008,IN,121,Central
2008,KS,82,Central
2008,KY,58,Eastern
2008,LA,125,Central
2008,MA,49,Eastern
2008,MD,46,Eastern
2008,ME,29,Eastern
2008,MI,105,Central
2008,MN,89,Central
2008,MO,107,Central
2008,MS,40,Eastern
2008,MT,85,Western
2008,NC,127,Eastern
2008,ND,22,Central
2008,NE,49,Central
2008,NH,32,Eastern
2008,NJ,39,Eastern
2008,NM,57,Central
2008,NV,101,Western
2008,NY,118,Eastern
2008,OH,144,Central
2008,OK,122,Central
2008,OR,148,Western
2008,PA,102,Eastern
2008,PR,14,Eastern
2008,RI,14,Eastern
2008,SC,65,Eastern
2008,SD,42,Central
2008,TN,110,Eastern
2008,TX,583,Central
2008,UT,170,Western
2008,VA,108,Eastern
2008,VI,4,Eastern
2008,VT,10,Eastern
2008,WA,180,Western
2008,WI,110,Eastern
2008,WV,15,Eastern
2008,WY,32,Central
2009,AK,72,AlaskaHawaii
2009,AL,48,Eastern
2009,AP,1,Eastern
2009,AR,36,Central
2009,AZ,87,Western
2009,CA,288,Western
2009,CO,96,Central
2009,CT,23,Eastern
2009,DC,16,Eastern
2009,DE,210,Eastern
2009,FL,279,Eastern
2009,GA,98,Eastern
2009,HI,9,AlaskaHawaii
2009,IA,38,Central
2009,ID,40,Western
2009,IL,87,Central
2009,IN,51,Central
2009,KS,65,Central
2009,KY,24,Eastern
2009,LA,58,Central
2009,MA,31,Eastern
2009,MD,23,Eastern
2009,ME,19,Eastern
2009,MI,69,Central
2009,MN,71,Central
2009,MO,76,Central
2009,MS,26,Eastern
2009,MT,49,Western
2009,NC,75,Eastern
2009,ND,17,Central
2009,NE,35,Central
2009,NH,25,Eastern
2009,NJ,22,Eastern
2009,NM,35,Central
2009,NV,59,Western
2009,NY,75,Eastern
2009,OH,74,Central
2009,OK,65,Central
2009,OR,100,Western
2009,PA,66,Eastern
2009,PR,8,Eastern
2009,RI,1,Eastern
2009,SC,21,Eastern
2009,SD,28,Central
2009,TN,69,Eastern
2009,TX,381,Central
2009,UT,140,Western
2009,VA,73,Eastern
2009,VI,3,Eastern
2009,VT,10,Eastern
2009,WA,114,Western
2009,WI,68,Eastern
2009,WV,9,Eastern
2009,WY,14,Central
2010,AK,68,AlaskaHawaii
2010,AL,51,Eastern
2010,AR,38,Central
2010,AZ,102,Western
2010,CA,294,Western
2010,CO,87,Central
2010,CT,21,Eastern
2010,DC,11,Eastern
2010,DE,214,Eastern
2010,FL,249,Eastern
2010,GA,70,Eastern
2010,HI,11,AlaskaHawaii
2010,IA,34,Central
2010,ID,41,Western
2010,IL,89,Central
2010,IN,71,Central
2010,KS,58,Central
2010,KY,29,Eastern
2010,LA,57,Central
2010,MA,40,Eastern
2010,MD,23,Eastern
2010,ME,16,Eastern
2010,MI,74,Central
2010,MN,62,Central
2010,MO,71,Central
2010,MS,35,Eastern
2010,MT,58,Western
2010,NC,68,Eastern
2010,ND,32,Central
2010,NE,19,Central
2010,NH,14,Eastern
2010,NJ,17,Eastern
2010,NM,26,Central
2010,NV,57,Western
2010,NY,60,Eastern
2010,OH,89,Central
2010,OK,63,Central
2010,OR,87,Western
2010,PA,62,Eastern
2010,PR,16,Eastern
2010,RI,5,Eastern
2010,SC,29,Eastern
2010,SD,11,Central
2010,TN,68,Eastern
2010,TX,339,Central
2010,UT,159,Western
2010,VA,113,Eastern
2010,VI,2,Eastern
2010,VT,8,Eastern
2010,WA,111,Western
2010,WI,59,Eastern
2010,WV,9,Eastern
2010,WY,27,Central
2011,AK,68,AlaskaHawaii
2011,AL,37,Eastern
2011,AR,53,Central
2011,AZ,73,Western
2011,CA,234,Western
2011,CO,93,Central
2011,CT,21,Eastern
2011,DC,9,Eastern
2011,DE,248,Eastern
2011,FL,229,Eastern
2011,GA,74,Eastern
2011,GU,1,Eastern
2011,HI,9,AlaskaHawaii
2011,IA,39,Central
2011,ID,45,Western
2011,IL,99,Central
2011,IN,43,Central
2011,KS,52,Central
2011,KY,32,Eastern
2011,LA,56,Central
2011,MA,30,Eastern
2011,MD,22,Eastern
2011,ME,14,Eastern
2011,MI,69,Central
2011,MN,56,Central
2011,MO,56,Central
2011,MS,29,Eastern
2011,MT,55,Western
2011,NC,66,Eastern
2011,ND,19,Central
2011,NE,27,Central
2011,NH,22,Eastern
2011,NJ,36,Eastern
2011,NM,39,Central
2011,NV,50,Western
2011,NY,87,Eastern
2011,OH,84,Central
2011,OK,58,Central
2011,OR,93,Western
2011,PA,60,Eastern
2011,PR,3,Eastern
2011,RI,7,Eastern
2011,SC,25,Eastern
2011,SD,23,Central
2011,TN,68,Eastern
2011,TX,342,Central
2011,UT,196,Western
2011,VA,58,Eastern
2011,VI,1,Eastern
2011,VT,4,Eastern
2011,WA,107,Western
2011,WI,55,Eastern
2011,WV,9,Eastern
2011,WY,19,Central
2012,AK,66,AlaskaHawaii
2012,AL,48,Eastern
2012,AR,35,Central
2012,AZ,79,Western
2012,CA,283,Western
2012,CO,89,Central
2012,CT,28,Eastern
2012,DC,9,Eastern
2012,DE,265,Eastern
2012,FL,253,Eastern
2012,GA,80,Eastern
2012,GU,1,Eastern
2012,HI,8,AlaskaHawaii
2012,IA,41,Central
2012,ID,47,Western
2012,IL,98,Central
2012,IN,55,Central
2012,KS,62,Central
2012,KY,27,Eastern
2012,LA,61,Central
2012,MA,30,Eastern
2012,MD,21,Eastern
2012,ME,13,Eastern
2012,MI,66,Central
2012,MN,57,Central
2012,MO,64,Central
2012,MS,24,Eastern
2012,MT,58,Western
2012,NC,86,Eastern
2012,ND,29,Central
2012,NE,26,Central
2012,NH,20,Eastern
2012,NJ,26,Eastern
2012,NM,36,Central
2012,NV,67,Western
2012,NY,76,Eastern
2012,OH,85,Central
2012,OK,78,Central
2012,OR,69,Western
2012,PA,79,Eastern
2012,PR,7,Eastern
2012,RI,5,Eastern
2012,SC,31,Eastern
2012,SD,23,Central
2012,TN,79,Eastern
2012,TX,337,Central
2012,UT,212,Western
2012,VA,73,Eastern
2012,VI,1,Eastern
2012,VT,4,Eastern
2012,WA,105,Western
2012,WI,58,Eastern
2012,WV,9,Eastern
2012,WY,17,Central
2013,AK,62,AlaskaHawaii
2013,AL,28,Eastern
2013,AP,1,Eastern
2013,AR,40,Central
2013,AZ,118,Western
2013,CA,261,Western
2013,CO,107,Central
2013,CT,44,Eastern
2013,DC,3,Eastern
2013,DE,244,Eastern
2013,FL,248,Eastern
2013,GA,111,Eastern
2013,GU,1,Eastern
2013,HI,20,AlaskaHawaii
2013,IA,35,Central
2013,ID,43,Western
2013,IL,126,Central
2013,IN,83,Central
2013,KS,63,Central
2013,KY,27,Eastern
2013,LA,57,Central
2013,MA,39,Eastern
2013,MD,22,Eastern
2013,ME,9,Eastern
2013,MI,74,Central
2013,MN,62,Central
2013,MO,61,Central
2013,MP,1,Eastern
2013,MS,37,Eastern
2013,MT,63,Western
2013,NC,96,Eastern
2013,ND,19,Central
2013,NE,28,Central
2013,NH,13,Eastern
2013,NJ,27,Eastern
2013,NM,38,Central
2013,NV,62,Western
2013,NY,94,Eastern
2013,OH,83,Central
2013,OK,80,Central
2013,OR,97,Western
2013,PA,66,Eastern
2013,PR,9,Eastern
2013,RI,3,Eastern
2013,SC,31,Eastern
2013,SD,28,Central
2013,TN,64,Eastern
2013,TX,374,Central
2013,UT,252,Western
2013,VA,47,Eastern
2013,VI,3,Eastern
2013,VT,5,Eastern
2013,WA,107,Western
2013,WI,53,Eastern
2013,WV,5,Eastern
2013,WY,29,Central
2014,AK,60,AlaskaHawaii
2014,AL,48,Eastern
2014,AR,45,Central
2014,AZ,115,Western
2014,CA,276,Western
2014,CO,111,Central
2014,CT,49,Eastern
2014,DC,2,Eastern
2014,DE,294,Eastern
2014,FL,330,Eastern
2014,GA,95,Eastern
2014,GU,1,Eastern
2014,HI,17,AlaskaHawaii
2014,IA,28,Central
2014,ID,74,Western
2014,IL,134,Central
2014,IN,56,Central
2014,KS,66,Central
2014,KY,27,Eastern
2014,LA,55,Central
2014,MA,36,Eastern
2014,MD,24,Eastern
2014,ME,17,Eastern
2014,MI,62,Central
2014,MN,74,Central
2014,MO,49,Central
2014,MS,33,Eastern
2014,MT,76,Western
2014,NC,65,Eastern
2014,ND,23,Central
2014,NE,28,Central
2014,NH,21,Eastern
2014,NJ,38,Eastern
2014,NM,48,Central
2014,NV,65,Western
2014,NY,96,Eastern
2014,OH,84,Central
2014,OK,93,Central
2014,OR,81,Western
2014,PA,65,Eastern
2014,PR,3,Eastern
2014,RI,7,Eastern
2014,SC,23,Eastern
2014,SD,16,Central
2014,TN,54,Eastern
2014,TX,411,Central
2014,UT,292,Western
2014,VA,66,Eastern
2014,VI,2,Eastern
2014,VT,5,Eastern
2014,WA,125,Western
2014,WI,61,Eastern
2014,WV,8,Eastern
2014,WY,24,Central
2015,AK,83,AlaskaHawaii
2015,AL,72,Eastern
2015,AR,35,Central
2015,AZ,99,Western
2015,CA,308,Western
2015,CO,113,Central
2015,CT,35,Eastern
2015,DC,11,Eastern
2015,DE,248,Eastern
2015,FL,380,Eastern
2015,GA,90,Eastern
2015,GU,2,Eastern
2015,HI,4,AlaskaHawaii
2015,IA,39,Central
2015,ID,46,Western
2015,IL,124,Central
2015,IN,72,Central
2015,KS,63,Central
2015,KY,20,Eastern
2015,LA,56,Central
2015,MA,52,Eastern
2015,MD,22,Eastern
2015,ME,15,Eastern
2015,MI,67,Central
2015,MN,69,Central
2015,MO,67,Central
2015,MS,38,Eastern
2015,MT,60,Western
2015,NC,84,Eastern
2015,ND,25,Central
2015,NE,26,Central
2015,NH,20,Eastern
2015,NJ,30,Eastern
2015,NM,38,Central
2015,NV,55,Western
2015,NY,109,Eastern
2015,OH,97,Central
2015,OK,95,Central
2015,OR,112,Western
2015,PA,69,Eastern
2015,PR,7,Eastern
2015,RI,2,Eastern
2015,SC,38,Eastern
2015,SD,13,Central
2015,TN,86,Eastern
2015,TX,452,Central
2015,UT,300,Western
2015,VA,74,Eastern
2015,VI,2,Eastern
2015,VT,5,Eastern
2015,WA,144,Western
2015,WI,66,Eastern
2015,WV,6,Eastern
2015,WY,26,Central
2016,AK,79,AlaskaHawaii
2016,AL,69,Eastern
2016,AR,50,Central
2016,AZ,97,Western
2016,CA,315,Western
2016,CO,103,Central
2016,CT,32,Eastern
2016,DC,4,Eastern
2016,DE,247,Eastern
2016,FL,313,Eastern
2016,GA,96,Eastern
2016,HI,6,AlaskaHawaii
2016,IA,35,Central
2016,ID,43,Western
2016,IL,91,Central
2016,IN,65,Central
2016,KS,86,Central
2016,KY,28,Eastern
2016,LA,42,Central
2016,MA,40,Eastern
2016,MD,18,Eastern
2016,ME,11,Eastern
2016,MI,73,Central
2016,MN,69,Central
2016,MO,60,Central
2016,MS,23,Eastern
2016,MT,70,Western
2016,NC,79,Eastern
2016,ND,26,Central
2016,NE,26,Central
2016,NH,24,Eastern
2016,NJ,33,Eastern
2016,NM,51,Central
2016,NV,75,Western
2016,NY,72,Eastern
2016,OH,121,Central
2016,OK,109,Central
2016,OR,103,Western
2016,PA,61,Eastern
2016,PR,6,Eastern
2016,RI,8,Eastern
2016,SC,34,Eastern
2016,SD,19,Central
2016,TN,80,Eastern
2016,TX,454,Central
2016,UT,282,Western
2016,VA,62,Eastern
2016,VI,1,Eastern
2016,VT,5,Eastern
2016,WA,123,Western
2016,WI,73,Eastern
2016,WV,10,Eastern
2016,WY,19,Central
2017,AK,61,AlaskaHawaii
2017,AL,38,Eastern
2017,AR,40,Central
2017,AZ,112,Western
2017,CA,298,Western
2017,CO,82,Central
2017,CT,27,Eastern
2017,DC,2,Eastern
2017,DE,262,Eastern
2017,FL,325,Eastern
2017,GA,88,Eastern
2017,GU,2,Eastern
2017,HI,24,AlaskaHawaii
2017,IA,33,Central
2017,ID,47,Western
2017,IL,107,Central
2017,IN,63,Central
2017,KS,63,Central
2017,KY,23,Eastern
2017,LA,56,Central
2017,MA,44,Eastern
2017,MD,22,Eastern
2017,ME,12,Eastern
2017,MI,71,Central
2017,MN,66,Central
2017,MO,51,Central
2017,MS,20,Eastern
2017,MT,61,Western
2017,NC,92,Eastern
2017,ND,35,Central
2017,NE,25,Central
2017,NH,30,Eastern
2017,NJ,34,Eastern
2017,NM,68,Central
2017,NV,71,Western
2017,NY,102,Eastern
2017,OH,91,Central
2017,OK,114,Central
2017,OR,99,Western
2017,PA,67,Eastern
2017,PR,8,Eastern
2017,RI,10,Eastern
2017,SC,28,Eastern
2017,SD,18,Central
2017,TN,66,Eastern
2017,TX,426,Central
2017,UT,328,Western
2017,VA,86,Eastern
2017,VI,1,Eastern
2017,VT,2,Eastern
2017,WA,140,Western
2017,WI,71,Eastern
2017,WV,9,Eastern
2017,WY,23,Central
2018,AK,67,AlaskaHawaii
2018,AL,52,Eastern
2018,AR,32,Central
2018,AS,1,Eastern
2018,AZ,132,Western
2018,CA,332,Western
2018,CO,99,Central
2018,CT,23,Eastern
2018,DC,7,Eastern
2018,DE,299,Eastern
2018,FL,335,Eastern
2018,GA,136,Eastern
2018,HI,25,AlaskaHawaii
2018,IA,37,Central
2018,ID,47,Western
2018,IL,87,Central
2018,IN,70,Central
2018,KS,57,Central
2018,KY,36,Eastern
2018,LA,40,Central
2018,MA,46,Eastern
2018,MD,30,Eastern
2018,ME,8,Eastern
2018,MI,81,Central
2018,MN,68,Central
2018,MO,71,Central
2018,MP,1,Eastern
2018,MS,29,Eastern
2018,MT,82,Western
2018,NC,86,Eastern
2018,ND,40,Central
2018,NE,18,Central
2018,NH,20,Eastern
2018,NJ,41,Eastern
2018,NM,50,Central
2018,NV,84,Western
2018,NY,128,Eastern
2018,OH,105,Central
2018,OK,107,Central
2018,OR,136,Western
2018,PA,69,Eastern
2018,PR,6,Eastern
2018,RI,8,Eastern
2018,SC,41,Eastern
2018,SD,18,Central
2018,TN,84,Eastern
2018,TX,362,Central
2018,UT,321,Western
2018,VA,79,Eastern
2018,VT,4,Eastern
2018,WA,156,Western
2018,WI,64,Eastern
2018,WV,8,Eastern
2018,WY,15,Central
2019,AK,72,AlaskaHawaii
2019,AL,57,Eastern
2019,AR,32,Central
2019,AZ,81,Western
2019,CA,270,Western
2019,CO,101,Central
2019,CT,43,Eastern
2019,DC,5,Eastern
2019,DE,206,Eastern
2019,FL,305,Eastern
2019,GA,191,Eastern
2019,GU,1,Eastern
2019,HI,8,AlaskaHawaii
2019,IA,45,Central
2019,ID,44,Western
2019,IL,64,Central
2019,IN,47,Central
2019,KS,131,Central
2019,KY,23,Eastern
2019,LA,42,Central
2019,MA,29,Eastern
2019,MD,21,Eastern
2019,ME,8,Eastern
2019,MI,56,Central
2019,MN,81,Central
2019,MO,53,Central
2019,MP,2,Eastern
2019,MS,22,Eastern
2019,MT,53,Western
2019,NC,74,Eastern
2019,ND,49,Central
2019,NE,10,Central
2019,NH,17,Eastern
2019,NJ,24,Eastern
2019,NM,53,Central
2019,NV,75,Western
2019,NY,72,Eastern
2019,OH,79,Central
2019,OK,101,Central
2019,OR,95,Western
2019,PA,68,Eastern
2019,PR,3,Eastern
2019,RI,2,Eastern
2019,SC,22,Eastern
2019,SD,12,Central
2019,TN,65,Eastern
2019,TX,314,Central
2019,UT,222,Western
2019,VA,43,Eastern
2019,VI,1,Eastern
2019,VT,5,Eastern
2019,WA,131,Western
2019,WI,53,Eastern
2019,WV,4,Eastern
2019,WY,22,Central